Timestamp_min,Reactor_Temp_C,Jacket_Flow_Rate_L_min,Pressure_atm,Reactant_A_Conc_mol_L,Product_B_Conc_mol_L,Reactor_Run_ID
0,85,1015,3.2,2.5,0,1
1,84.5,1007,3.18,2.49,0.01,1
2,85,1012,3.22,2.48,0.02,1
3,85.5,1019,3.16,2.47,0.03,1
4,84,1002,3.21,2.46,0.04,1
5,85,1011,3.19,2.45,0.05,1
6,85.5,1018,3.23,2.44,0.06,1
7,84,999,3.17,2.43,0.07,1
8,85,1013,3.2,2.42,0.08,1
9,85.5,1017,3.16,2.41,0.09,1
10,84,1004,3.22,2.4,0.1,1
11,85,1015,3.18,2.39,0.11,1
12,85.5,1016,3.24,2.38,0.12,1
13,84,1001,3.17,2.37,0.13,1
14,85,1013,3.2,2.36,0.14,1
15,85.5,1018,3.19,2.35,0.15,1
16,84,998,3.22,2.34,0.16,1
17,85,1011,3.18,2.33,0.17,1
18,85.5,1014,3.24,2.32,0.18,1
19,84,1006,3.16,2.31,0.19,1
20,85,1012,3.21,2.3,0.2,1
21,85.5,1017,3.19,2.29,0.21,1
22,84,1003,3.23,2.28,0.22,1
23,85,1016,3.17,2.27,0.23,1
24,85.5,1019,3.2,2.26,0.24,1
25,84,1007,3.18,2.25,0.25,1
26,85,1014,3.22,2.24,0.26,1
27,85.5,1018,3.19,2.23,0.27,1
28,84,1002,3.24,2.22,0.28,1
29,85,1011,3.16,2.21,0.29,1
30,85.5,1017,3.21,2.2,0.3,1
31,84,1005,3.18,2.19,0.31,1
32,85,1013,3.23,2.18,0.32,1
33,85.5,1016,3.17,2.17,0.33,1
34,84,1009,3.2,2.16,0.34,1
35,85,1012,3.16,2.15,0.35,1
36,85.5,1015,3.22,2.14,0.36,1
37,84,1007,3.19,2.13,0.37,1
38,85,1014,3.24,2.12,0.38,1
39,85.5,1018,3.17,2.11,0.39,1
40,84,1003,3.21,2.1,0.4,1
41,85,1011,3.18,2.09,0.41,1
42,85.5,1017,3.25,2.08,0.42,1
43,84,1006,3.16,2.07,0.43,1
44,85,1013,3.22,2.06,0.44,1
45,85.5,1019,3.19,2.05,0.45,1
46,84,1002,3.23,2.04,0.46,1
47,85,1015,3.17,2.03,0.47,1
48,85.5,1018,3.2,2.02,0.48,1
49,84,1008,3.16,2.01,0.49,1
50,85,1015,3.2,2.01,0.49,1
51,85.5,1010,3.18,2,0.5,1
52,86,1018,3.19,1.99,0.51,1
53,85.5,1007,3.21,1.98,0.52,1
54,86,1012,3.17,1.97,0.53,1
55,85,1019,3.16,1.96,0.54,1
56,85.5,1009,3.22,1.95,0.55,1
57,86,1014,3.19,1.94,0.56,1
58,85.5,1011,3.2,1.93,0.57,1
59,86,1006,3.18,1.92,0.58,1
60,85,1013,3.17,1.91,0.59,1
61,85.5,1008,3.21,1.9,0.6,1
62,86,1015,3.19,1.89,0.61,1
63,85.5,1010,3.2,1.88,0.62,1
64,86,1007,3.18,1.87,0.63,1
65,85,1012,3.17,1.86,0.64,1
66,85.5,1014,3.21,1.85,0.65,1
67,86,1009,3.19,1.84,0.66,1
68,85.5,1016,3.2,1.83,0.67,1
69,86,1008,3.18,1.82,0.68,1
70,85,1013,3.17,1.81,0.69,1
71,85.5,1011,3.21,1.8,0.7,1
72,86,1006,3.19,1.79,0.71,1
73,85.5,1015,3.2,1.78,0.72,1
74,86,1007,3.18,1.77,0.73,1
75,85,1012,3.17,1.76,0.74,1
76,85.5,1014,3.21,1.75,0.75,1
77,86,1009,3.19,1.74,0.76,1
78,85.5,1016,3.2,1.73,0.77,1
79,86,1008,3.18,1.72,0.78,1
80,85,1013,3.17,1.71,0.79,1
81,85.5,1011,3.21,1.7,0.8,1
82,86,1006,3.19,1.69,0.81,1
83,85.5,1015,3.2,1.68,0.82,1
84,86,1007,3.18,1.67,0.83,1
85,85,1012,3.17,1.66,0.84,1
86,85.5,1014,3.21,1.65,0.85,1
87,86,1009,3.19,1.64,0.86,1
88,85.5,1016,3.2,1.63,0.87,1
89,86,1008,3.18,1.62,0.88,1
90,85,1013,3.17,1.61,0.89,1
91,85.5,1011,3.21,1.6,0.9,1
92,86,1006,3.19,1.59,0.91,1
93,85.5,1015,3.2,1.58,0.92,1
94,86,1007,3.18,1.57,0.93,1
95,85,1012,3.17,1.56,0.94,1
96,85.5,1014,3.21,1.55,0.95,1
97,86,1009,3.19,1.54,0.96,1
98,85.5,1016,3.2,1.53,0.97,1
99,86,1008,3.18,1.52,0.98,1
100,85,1015,3.2,1.52,0.98,1
101,85.5,1007,3.18,1.47,1.03,1
102,86,1012,3.19,1.42,1.08,1
103,85.5,1019,3.21,1.37,1.13,1
104,86,1003,3.17,1.32,1.18,1
105,85.5,1016,3.16,1.27,1.23,1
106,86,1009,3.2,1.22,1.28,1
107,85.5,1012,3.18,1.17,1.33,1
108,86,1015,3.22,1.12,1.38,1
109,85.5,1007,3.19,1.07,1.43,1
110,86,1012,3.21,1.02,1.48,1
111,85.5,1009,3.17,0.97,1.53,1
112,86,1016,3.2,0.92,1.57,1
113,85.5,1003,3.18,0.87,1.63,1
114,86,1012,3.22,0.82,1.68,1
115,85.5,1007,3.19,0.77,1.73,1
116,86,1015,3.21,0.72,1.77,1
117,85.5,1009,3.17,0.67,1.83,1
118,86,1012,3.2,0.62,1.88,1
119,85.5,1003,3.18,0.57,1.93,1
120,86,1016,3.22,0.52,1.97,1
121,85.5,1007,3.19,0.47,2.03,1
122,86,1015,3.21,0.42,2.07,1
123,85.5,1009,3.17,0.37,2.13,1
124,86,1012,3.2,0.32,2.17,1
125,85.5,1003,3.18,0.27,2.23,1
126,86,1016,3.22,0.22,2.27,1
127,85.5,1007,3.19,0.17,2.33,1
128,86,1015,3.21,0.12,2.37,1
129,85.5,1009,3.17,0.07,2.43,1
130,86,1012,3.2,0.02,2.47,1
131,85.5,1003,3.18,0,2.5,1
132,86,1016,3.22,0,2.5,1
133,85.5,1007,3.19,0,2.5,1
134,86,1015,3.21,0,2.5,1
135,85.5,1009,3.17,0,2.5,1
136,86,1012,3.2,0,2.5,1
137,85.5,1003,3.18,0,2.5,1
138,86,1016,3.22,0,2.5,1
139,85.5,1007,3.19,0,2.5,1
140,86,1015,3.21,0,2.5,1
141,85.5,1009,3.17,0,2.5,1
142,86,1012,3.2,0,2.5,1
143,85.5,1003,3.18,0,2.5,1
144,86,1016,3.22,0,2.5,1
145,85.5,1007,3.19,0,2.5,1
146,86,1015,3.21,0,2.5,1
147,85.5,1009,3.17,0,2.5,1
148,86,1012,3.2,0,2.5,1
149,85.5,1003,3.18,0,2.5,1
150,85,1015,3.2,2.5,0,2
151,84.5,1011,3.18,2.49,0.01,2
152,85,1016,3.22,2.48,0.02,2
153,84.8,1007,3.19,2.47,0.03,2
154,85.2,1019,3.21,2.46,0.04,2
155,84.9,1009,3.17,2.45,0.05,2
156,85.3,1014,3.23,2.44,0.06,2
157,84.6,1010,3.19,2.43,0.07,2
158,85.1,1017,3.2,2.42,0.08,2
159,84.7,1003,3.16,2.41,0.09,2
160,85.4,1012,3.24,2.4,0.1,2
161,84.8,1006,3.18,2.39,0.11,2
162,85.5,1019,3.22,2.38,0.12,2
163,84.9,1000,3.15,2.37,0.13,2
164,85.6,1016,3.25,2.36,0.14,2
165,85,1004,3.17,2.35,0.15,2
166,85.7,1013,3.28,2.34,0.16,2
167,85.1,1007,3.19,2.33,0.17,2
168,85.8,1019,3.3,2.32,0.18,2
169,85.2,1001,3.21,2.31,0.19,2
170,85.9,1017,3.32,2.3,0.2,2
171,85.3,1005,3.23,2.29,0.21,2
172,86,1014,3.33,2.28,0.22,2
173,85.4,1008,3.24,2.27,0.23,2
174,86.1,1011,3.34,2.26,0.24,2
175,85.5,1002,3.25,2.25,0.25,2
176,86.2,1018,3.35,2.24,0.26,2
177,85.6,1006,3.26,2.23,0.27,2
178,86.3,1015,3.36,2.22,0.28,2
179,85.7,1009,3.27,2.21,0.29,2
180,86.4,1012,3.37,2.2,0.3,2
181,85.8,1003,3.28,2.19,0.31,2
182,86.5,1019,3.38,2.18,0.32,2
183,85.9,1007,3.29,2.17,0.33,2
184,86.6,1016,3.39,2.16,0.34,2
185,86,1000,3.3,2.15,0.35,2
186,86.7,1013,3.4,2.14,0.36,2
187,86.1,1004,3.31,2.13,0.37,2
188,86.8,1010,3.41,2.12,0.38,2
189,86.2,1007,3.32,2.11,0.39,2
190,86.9,1017,3.42,2.1,0.4,2
191,86.3,1001,3.33,2.09,0.41,2
192,87,1014,3.43,2.08,0.42,2
193,86.4,1005,3.34,2.07,0.43,2
194,87.1,1011,3.44,2.06,0.44,2
195,86.5,1008,3.35,2.05,0.45,2
196,87.2,1018,3.45,2.04,0.46,2
197,86.6,1002,3.36,2.03,0.47,2
198,87.3,1015,3.46,2.02,0.48,2
199,86.7,1006,3.37,2.01,0.49,2
200,85,1015,3.2,2.01,0.49,2
201,85.5,1011,3.18,2,0.5,2
202,86,1017,3.19,1.99,0.51,2
203,86.5,1013,3.21,1.98,0.52,2
204,87,1019,3.22,1.97,0.53,2
205,87.5,1016,3.2,1.96,0.54,2
206,88,1012,3.18,1.95,0.55,2
207,88.5,1018,3.19,1.94,0.56,2
208,89,1015,3.21,1.93,0.57,2
209,89.5,1011,3.22,1.92,0.58,2
210,90,1017,3.2,1.91,0.59,2
211,90.5,1014,3.18,1.9,0.6,2
212,91,1019,3.19,1.89,0.61,2
213,91.5,1016,3.21,1.88,0.62,2
214,92,1012,3.22,1.87,0.63,2
215,92.5,1018,3.2,1.86,0.64,2
216,93,1015,3.18,1.85,0.65,2
217,93.5,1011,3.19,1.84,0.66,2
218,94,1017,3.21,1.83,0.67,2
219,94.5,1014,3.22,1.82,0.68,2
220,95,1019,3.2,1.81,0.69,2
221,95.5,1016,3.18,1.8,0.7,2
222,96,1012,3.19,1.79,0.71,2
223,96.5,1018,3.21,1.78,0.72,2
224,97,1015,3.22,1.77,0.73,2
225,97.5,1011,3.2,1.76,0.74,2
226,98,1017,3.18,1.75,0.75,2
227,98.5,1014,3.19,1.74,0.76,2
228,99,1019,3.21,1.73,0.77,2
229,100,1016,3.22,1.72,0.78,2
230,100.5,1012,3.2,1.71,0.79,2
231,101,1018,3.18,1.7,0.8,2
232,101.5,1015,3.19,1.69,0.81,2
233,102,1011,3.21,1.68,0.82,2
234,102.5,1017,3.22,1.67,0.83,2
235,103,1014,3.2,1.66,0.84,2
236,103.5,1019,3.18,1.65,0.85,2
237,104,1016,3.19,1.64,0.86,2
238,104.5,1012,3.21,1.63,0.87,2
239,105,1018,3.22,1.62,0.88,2
240,105.5,1015,3.2,1.61,0.89,2
241,106,1011,3.18,1.6,0.9,2
242,106.5,1017,3.19,1.59,0.91,2
243,107,1014,3.21,1.58,0.92,2
244,107.5,1019,3.22,1.57,0.93,2
245,108,1016,3.2,1.56,0.94,2
246,108.5,1012,3.18,1.55,0.95,2
247,109,1018,3.19,1.54,0.96,2
248,109.5,1015,3.21,1.53,0.97,2
249,110,1011,3.22,1.52,0.98,2
250,85,1015,3.2,1.52,0.98,2
251,85.5,1007,3.18,1.47,1.03,2
252,85,1012,3.22,1.42,1.08,2
253,84.5,1009,3.19,1.37,1.13,2
254,85,1016,3.21,1.32,1.18,2
255,84,1010,3.17,1.27,1.23,2
256,85.5,1013,3.2,1.22,1.28,2
257,85,1004,3.16,1.17,1.33,2
258,84.5,1010,3.23,1.12,1.38,2
259,85,1007,3.19,1.07,1.43,2
260,84,1012,3.21,1.02,1.48,2
261,85.5,1009,3.17,0.97,1.53,2
262,85,1015,3.2,0.92,1.57,2
263,84.5,1011,3.18,0.87,1.63,2
264,85,1007,3.22,0.82,1.68,2
265,84,1013,3.19,0.77,1.73,2
266,85.5,1009,3.21,0.72,1.77,2
267,85,1015,3.17,0.67,1.83,2
268,84.5,1011,3.2,0.62,1.87,2
269,85,1007,3.18,0.57,1.93,2
270,84,1013,3.22,0.52,1.97,2
271,85.5,1009,3.19,0.47,2.03,2
272,85,1015,3.21,0.42,2.07,2
273,84.5,1011,3.17,0.37,2.13,2
274,85,1007,3.2,0.32,2.17,2
275,84,1013,3.18,0.27,2.23,2
276,85.5,1009,3.22,0.22,2.27,2
277,85,1015,3.19,0.17,2.33,2
278,84.5,1011,3.21,0.12,2.37,2
279,85,1007,3.17,0.07,2.43,2
280,84,1013,3.2,0.02,2.47,2
281,85.5,1009,3.18,0,2.5,2
282,85,1015,3.22,0,2.5,2
283,84.5,1011,3.19,0,2.5,2
284,85,1007,3.21,0,2.5,2
285,84,1013,3.17,0,2.5,2
286,85.5,1009,3.2,0,2.5,2
287,85,1015,3.18,0,2.5,2
288,84.5,1011,3.22,0,2.5,2
289,85,1007,3.19,0,2.5,2
290,84,1013,3.21,0,2.5,2
291,85.5,1009,3.17,0,2.5,2
292,85,1015,3.2,0,2.5,2
293,84.5,1011,3.18,0,2.5,2
294,85,1007,3.22,0,2.5,2
295,84,1013,3.19,0,2.5,2
296,85.5,1009,3.21,0,2.5,2
297,85,1015,3.17,0,2.5,2
298,84.5,1011,3.2,0,2.5,2
299,85,1007,3.18,0,2.5,2
300,85,1015,3.2,2.5,0,3
301,84.5,1007,3.18,2.49,0.01,3
302,85,1012,3.22,2.48,0.02,3
303,85.5,1009,3.19,2.47,0.03,3
304,86,1016,3.21,2.46,0.04,3
305,85.5,1008,3.23,2.45,0.05,3
306,86,1013,3.19,2.44,0.06,3
307,86.5,1009,3.22,2.43,0.07,3
308,87,1014,3.2,2.42,0.08,3
309,87.5,1010,3.18,2.41,0.09,3
310,88,1015,3.21,2.4,0.1,3
311,88.5,1007,3.19,2.39,0.11,3
312,89,1012,3.23,2.38,0.12,3
313,89.5,1009,3.16,2.37,0.13,3
314,90,1014,3.2,2.36,0.14,3
315,90.5,1008,3.18,2.35,0.15,3
316,91,1013,3.22,2.34,0.16,3
317,91.5,1009,3.19,2.33,0.17,3
318,92,1014,3.21,2.32,0.18,3
319,92.5,1007,3.17,2.31,0.19,3
320,93,1012,3.2,2.3,0.2,3
321,93.5,1009,3.18,2.29,0.21,3
322,94,1014,3.22,2.28,0.22,3
323,94.5,1007,3.16,2.27,0.23,3
324,95,1012,3.2,2.26,0.24,3
325,95.5,1009,3.18,2.25,0.25,3
326,96,1014,3.21,2.24,0.26,3
327,96.5,1007,3.17,2.23,0.27,3
328,97,1012,3.2,2.22,0.28,3
329,97.5,1009,3.18,2.21,0.29,3
330,98,1014,3.22,2.2,0.3,3
331,98.5,1007,3.16,2.19,0.31,3
332,99,1012,3.2,2.18,0.32,3
333,100,1009,3.18,2.17,0.33,3
334,100.5,1014,3.21,2.16,0.34,3
335,101,1007,3.17,2.15,0.35,3
336,101.5,1012,3.2,2.14,0.36,3
337,102,1009,3.18,2.13,0.37,3
338,102.5,1014,3.22,2.12,0.38,3
339,103,1007,3.16,2.11,0.39,3
340,103.5,1012,3.2,2.1,0.4,3
341,104,1009,3.18,2.09,0.41,3
342,104.5,1014,3.21,2.08,0.42,3
343,105,1007,3.17,2.07,0.43,3
344,105.5,1012,3.2,2.06,0.44,3
345,106,1009,3.18,2.05,0.45,3
346,106.5,1014,3.22,2.04,0.46,3
347,107,1007,3.16,2.03,0.47,3
348,107.5,1012,3.2,2.02,0.48,3
349,108,1009,3.18,2.01,0.49,3
350,85,1015,3.2,2.01,0.49,3
351,85.5,1018,3.21,2,0.5,3
352,86,1012,3.19,1.99,0.51,3
353,86.5,1017,3.2,1.98,0.52,3
354,87,1014,3.18,1.97,0.53,3
355,87.5,1019,3.2,1.96,0.54,3
356,88,1013,3.19,1.95,0.55,3
357,88.5,1016,3.21,1.94,0.56,3
358,89,1011,3.18,1.93,0.57,3
359,89.5,1015,3.2,1.92,0.58,3
360,90,1012,3.19,1.91,0.59,3
361,90.5,1017,3.2,1.9,0.6,3
362,91,1014,3.18,1.89,0.61,3
363,91.5,1019,3.21,1.88,0.62,3
364,92,1013,3.19,1.87,0.63,3
365,92.5,1016,3.2,1.86,0.64,3
366,93,1012,3.18,1.85,0.65,3
367,93.5,1015,3.2,1.84,0.66,3
368,94,1011,3.19,1.83,0.67,3
369,94.5,1017,3.2,1.82,0.68,3
370,95,1014,3.18,1.81,0.69,3
371,95.5,1019,3.2,1.8,0.7,3
372,96,1013,3.19,1.79,0.71,3
373,96.5,1016,3.21,1.78,0.72,3
374,97,1012,3.18,1.77,0.73,3
375,97.5,1015,3.2,1.76,0.74,3
376,98,1011,3.19,1.75,0.75,3
377,98.5,1017,3.2,1.74,0.76,3
378,99,1014,3.18,1.73,0.77,3
379,99.5,1019,3.2,1.72,0.78,3
380,100,1013,3.19,1.71,0.79,3
381,100.5,1016,3.21,1.7,0.8,3
382,101,1012,3.18,1.69,0.81,3
383,101.5,1015,3.2,1.68,0.82,3
384,102,1011,3.19,1.67,0.83,3
385,102.5,1017,3.2,1.66,0.84,3
386,103,1014,3.18,1.65,0.85,3
387,103.5,1019,3.21,1.64,0.86,3
388,104,1013,3.19,1.63,0.87,3
389,104.5,1016,3.2,1.62,0.88,3
390,105,1012,3.18,1.61,0.89,3
391,105.5,1015,3.2,1.6,0.9,3
392,106,1011,3.19,1.59,0.91,3
393,106.5,1017,3.21,1.58,0.92,3
394,107,1014,3.18,1.57,0.93,3
395,107.5,1019,3.2,1.56,0.94,3
396,108,1013,3.19,1.55,0.95,3
397,108.5,1016,3.21,1.54,0.96,3
398,109,1012,3.18,1.53,0.97,3
399,109.5,1015,3.2,1.52,0.98,3
400,85,1015,3.2,1.52,0.98,3
401,84.5,1007,3.18,1.47,0.99,3
402,85,1019,3.16,1.42,1.03,3
403,84,1011,3.19,1.37,1.08,3
404,85.5,1003,3.21,1.32,1.13,3
405,84,1016,3.17,1.27,1.18,3
406,85.25,1009,3.15,1.22,1.23,3
407,84.75,1013,3.22,1.17,1.28,3
408,85.5,1005,3.19,1.12,1.33,3
409,84,1018,3.16,1.07,1.37,3
410,85.25,1006,3.21,1.02,1.43,3
411,84.75,1012,3.18,0.97,1.48,3
412,85.5,1008,3.2,0.92,1.55,3
413,84,1015,3.17,0.87,1.6,3
414,85.25,1003,3.19,0.82,1.65,3
415,84.75,1011,3.22,0.77,1.7,3
416,85.5,1007,3.16,0.72,1.75,3
417,84,1014,3.21,0.67,1.8,3
418,85.25,1009,3.18,0.62,1.85,3
419,84.75,1012,3.2,0.57,1.9,3
420,85.5,1006,3.17,0.52,1.95,3
421,84,1015,3.22,0.47,2,3
422,85.25,1003,3.19,0.42,2.05,3
423,84.75,1011,3.21,0.37,2.1,3
424,85.5,1007,3.16,0.32,2.15,3
425,84,1014,3.2,0.27,2.2,3
426,85.25,1009,3.17,0.22,2.25,3
427,84.75,1012,3.22,0.17,2.3,3
428,85.5,1006,3.19,0.12,2.35,3
429,84,1015,3.21,0.07,2.4,3
430,85.25,1003,3.16,0.02,2.45,3
431,84.75,1011,3.2,0,2.5,3
432,85.5,1007,3.17,0,2.5,3
433,84,1014,3.22,0,2.5,3
434,85.25,1009,3.19,0,2.5,3
435,84.75,1012,3.21,0,2.5,3
436,85.5,1006,3.16,0,2.5,3
437,84,1015,3.2,0,2.5,3
438,85.25,1003,3.17,0,2.5,3
439,84.75,1011,3.22,0,2.5,3
440,85.5,1007,3.19,0,2.5,3
441,84,1014,3.21,0,2.5,3
442,85.25,1009,3.16,0,2.5,3
443,84.75,1012,3.2,0,2.5,3
444,85.5,1006,3.17,0,2.5,3
445,84,1015,3.22,0,2.5,3
446,85.25,1003,3.19,0,2.5,3
447,84.75,1011,3.21,0,2.5,3
448,85.5,1007,3.16,0,2.5,3
449,84,1014,3.2,0,2.5,3
450,85,1015,3.2,2.5,0,4
451,85.5,1013,3.18,2.49,0.01,4
452,85,1016,3.22,2.48,0.02,4
453,84.5,1018,3.19,2.47,0.03,4
454,85,1014,3.21,2.46,0.04,4
455,85.5,1012,3.17,2.45,0.05,4
456,85,1019,3.23,2.44,0.06,4
457,84.5,1017,3.16,2.43,0.07,4
458,85,1015,3.24,2.42,0.08,4
459,85.5,1013,3.18,2.41,0.09,4
460,85,1016,3.22,2.4,0.1,4
461,84.5,1018,3.19,2.39,0.11,4
462,85,1014,3.21,2.38,0.12,4
463,85.5,1012,3.17,2.37,0.13,4
464,85,1019,3.23,2.36,0.14,4
465,84.5,1017,3.16,2.35,0.15,4
466,85,1015,3.24,2.34,0.16,4
467,85.5,1013,3.18,2.33,0.17,4
468,85,1016,3.22,2.32,0.18,4
469,84.5,1018,3.19,2.31,0.19,4
470,85,1014,3.21,2.3,0.2,4
471,85.5,1012,3.17,2.29,0.21,4
472,85,1019,3.23,2.28,0.22,4
473,84.5,1017,3.16,2.27,0.23,4
474,85,1015,3.24,2.26,0.24,4
475,85.5,1013,3.18,2.25,0.25,4
476,85,1016,3.22,2.24,0.26,4
477,84.5,1018,3.19,2.23,0.27,4
478,85,1014,3.21,2.22,0.28,4
479,85.5,1012,3.17,2.21,0.29,4
480,85,1019,3.23,2.2,0.3,4
481,84.5,1017,3.16,2.19,0.31,4
482,85,1015,3.24,2.18,0.32,4
483,85.5,1013,3.18,2.17,0.33,4
484,85,1016,3.22,2.16,0.34,4
485,84.5,1018,3.19,2.15,0.35,4
486,85,1014,3.21,2.14,0.36,4
487,85.5,1012,3.17,2.13,0.37,4
488,85,1019,3.23,2.12,0.38,4
489,84.5,1017,3.16,2.11,0.39,4
490,85,1015,3.24,2.1,0.4,4
491,85.5,1013,3.18,2.09,0.41,4
492,85,1016,3.22,2.08,0.42,4
493,84.5,1018,3.19,2.07,0.43,4
494,85,1014,3.21,2.06,0.44,4
495,85.5,1012,3.17,2.05,0.45,4
496,85,1019,3.23,2.04,0.46,4
497,84.5,1017,3.16,2.03,0.47,4
498,85,1015,3.24,2.02,0.48,4
499,85.5,1013,3.18,2.01,0.49,4
500,85,1015,3.2,2.01,0.49,4
501,84.5,1007,3.18,2,0.5,4
502,85,1011,3.22,1.99,0.51,4
503,84,1022,3.16,1.98,0.52,4
504,85.5,1009,3.19,1.97,0.53,4
505,84,1016,3.21,1.96,0.54,4
506,85.5,1002,3.17,1.95,0.55,4
507,84,1018,3.2,1.94,0.56,4
508,85,1005,3.15,1.93,0.57,4
509,84.5,1019,3.23,1.92,0.58,4
510,85,1008,3.18,1.91,0.59,4
511,84,1021,3.22,1.9,0.6,4
512,85.5,1010,3.16,1.89,0.61,4
513,84,1017,3.2,1.88,0.62,4
514,85,1004,3.19,1.87,0.63,4
515,84.5,1020,3.21,1.86,0.64,4
516,85,1007,3.14,1.85,0.65,4
517,84,1016,3.23,1.84,0.66,4
518,85.5,1009,3.17,1.83,0.67,4
519,84,1019,3.2,1.82,0.68,4
520,85,1006,3.18,1.81,0.69,4
521,84.5,1022,3.22,1.8,0.7,4
522,85,1008,3.16,1.79,0.71,4
523,84,1018,3.2,1.78,0.72,4
524,85.5,1004,3.19,1.77,0.73,4
525,84,1020,3.21,1.76,0.74,4
526,85,1007,3.15,1.75,0.75,4
527,84.5,1017,3.23,1.74,0.76,4
528,85,1009,3.18,1.73,0.77,4
529,84,1019,3.2,1.72,0.78,4
530,85.5,1006,3.16,1.71,0.79,4
531,84,1022,3.22,1.7,0.8,4
532,85,1008,3.14,1.69,0.81,4
533,84.5,1018,3.2,1.68,0.82,4
534,85,1004,3.17,1.67,0.83,4
535,84,1020,3.21,1.66,0.84,4
536,85.5,1007,3.15,1.65,0.85,4
537,84,1017,3.23,1.64,0.86,4
538,85,1009,3.18,1.63,0.87,4
539,84.5,1019,3.2,1.62,0.88,4
540,85,1006,3.16,1.61,0.89,4
541,84,1022,3.22,1.6,0.9,4
542,85.5,1008,3.14,1.59,0.91,4
543,84,1018,3.2,1.58,0.92,4
544,85,1004,3.17,1.57,0.93,4
545,84.5,1020,3.21,1.56,0.94,4
546,85,1007,3.15,1.55,0.95,4
547,84,1017,3.23,1.54,0.96,4
548,85,1009,3.18,1.53,0.97,4
549,84.5,1019,3.2,1.52,0.98,4
550,85,1015,3.2,1.52,0.98,4
551,84.5,1007,3.18,1.47,1.03,4
552,85,1012,3.22,1.42,1.08,4
553,84.9,1019,3.19,1.37,1.13,4
554,85.4,1006,3.21,1.32,1.18,4
555,85.9,1010,3.17,1.27,1.23,4
556,86.4,1017,3.23,1.22,1.28,4
557,86.9,1009,3.15,1.17,1.33,4
558,87.4,1014,3.2,1.12,1.38,4
559,87.9,1008,3.12,1.07,1.43,4
560,88.4,1013,3.19,1.02,1.48,4
561,88.9,1007,3.24,0.97,1.53,4
562,89.4,1010,3.16,0.92,1.57,4
563,89.9,1015,3.21,0.87,1.63,4
564,90.4,1009,3.18,0.82,1.67,4
565,90.9,1014,3.25,0.77,1.73,4
566,91.4,1007,3.19,0.72,1.77,4
567,91.9,1012,3.22,0.67,1.83,4
568,92.4,1006,3.15,0.62,1.87,4
569,92.9,1011,3.2,0.57,1.93,4
570,93.4,1009,3.17,0.52,1.97,4
571,93.9,1014,3.24,0.47,2.03,4
572,94.4,1008,3.19,0.42,2.07,4
573,94.9,1013,3.26,0.37,2.13,4
574,95.4,1007,3.18,0.32,2.17,4
575,95.9,1012,3.23,0.27,2.23,4
576,96.4,1006,3.16,0.22,2.27,4
577,96.9,1011,3.21,0.17,2.33,4
578,97.4,1009,3.19,0.12,2.37,4
579,97.9,1014,3.26,0.07,2.43,4
580,98.4,1008,3.18,0.02,2.47,4
581,98.9,1013,3.23,0.07,2.43,4
582,99.4,1007,3.16,0.12,2.37,4
583,99.9,1012,3.21,0.17,2.33,4
584,100.4,1006,3.19,0.22,2.27,4
585,100.9,1011,3.26,0.27,2.23,4
586,101.4,1009,3.18,0.32,2.17,4
587,101.9,1014,3.23,0.37,2.13,4
588,102.4,1008,3.16,0.42,2.07,4
589,102.9,1013,3.21,0.47,2.03,4
590,103.4,1007,3.19,0.52,1.97,4
591,103.9,1012,3.26,0.57,1.93,4
592,104.4,1006,3.18,0.62,1.87,4
593,104.9,1011,3.23,0.67,1.83,4
594,105.4,1009,3.16,0.72,1.77,4
595,105.9,1014,3.21,0.77,1.73,4
596,106.4,1007,3.19,0.82,1.67,4
597,106.9,1012,3.26,0.87,1.63,4
598,107.4,1006,3.18,0.92,1.57,4
599,107.9,1011,3.23,0.97,1.53,4
600,85,1015,3.2,0.97,1.53,4
601,85.5,1013,3.18,0.96,1.54,4
602,86,1017,3.16,0.95,1.55,4
603,86.5,1011,3.14,0.94,1.56,4
604,87,1019,3.12,0.93,1.57,4
605,87.5,1016,3.1,0.92,1.58,4
606,88,1012,3.08,0.91,1.59,4
607,88.5,1014,3.06,0.9,1.6,4
608,89,1018,3.04,0.89,1.61,4
609,89.5,1015,3.02,0.88,1.62,4
610,90,1013,3,0.87,1.63,4
611,90.5,1017,2.98,0.86,1.64,4
612,91,1016,2.96,0.85,1.65,4
613,91.5,1012,2.94,0.84,1.66,4
614,92,1014,2.92,0.83,1.67,4
615,92.5,1018,2.9,0.82,1.68,4
616,93,1015,2.88,0.81,1.69,4
617,93.5,1013,2.86,0.8,1.7,4
618,94,1017,2.84,0.79,1.71,4
619,94.5,1016,2.82,0.78,1.72,4
620,95,1012,2.8,0.77,1.73,4
621,95.5,1014,2.78,0.76,1.74,4
622,96,1018,2.76,0.75,1.75,4
623,96.5,1015,2.74,0.74,1.76,4
624,97,1013,2.72,0.73,1.77,4
625,97.5,1017,2.7,0.72,1.78,4
626,98,1016,2.68,0.71,1.79,4
627,98.5,1012,2.66,0.7,1.8,4
628,99,1014,2.64,0.69,1.81,4
629,99.5,1018,2.62,0.68,1.82,4
630,100,1015,2.6,0.67,1.83,4
631,100.5,1013,2.58,0.66,1.84,4
632,101,1017,2.56,0.65,1.85,4
633,101.5,1016,2.54,0.64,1.86,4
634,102,1012,2.52,0.63,1.87,4
635,102.5,1014,2.5,0.62,1.88,4
636,103,1018,2.48,0.61,1.89,4
637,103.5,1015,2.46,0.6,1.9,4
638,104,1013,2.44,0.59,1.91,4
639,104.5,1017,2.42,0.58,1.92,4
640,105,1016,2.4,0.57,1.93,4
641,105.5,1012,2.38,0.56,1.94,4
642,106,1014,2.36,0.55,1.95,4
643,106.5,1018,2.34,0.54,1.96,4
644,107,1015,2.32,0.53,1.97,4
645,107.5,1013,2.3,0.52,1.98,4
646,108,1017,2.28,0.51,1.99,4
647,108.5,1016,2.26,0.5,2,4
648,109,1012,2.24,0.49,2.01,4
649,109.5,1014,2.22,0.48,2.02,4
650,85,1015,3.2,0.48,2.02,4
651,85.5,1007,3.18,0.47,2.03,4
652,85,1019,3.22,0.46,2.04,4
653,84.5,1009,3.19,0.45,2.05,4
654,85,1012,3.21,0.44,2.06,4
655,84,1016,3.17,0.43,2.07,4
656,85.5,1002,3.23,0.42,2.08,4
657,85,1014,3.19,0.41,2.09,4
658,84.5,1006,3.21,0.4,2.1,4
659,85,1018,3.17,0.39,2.11,4
660,84,1001,3.2,0.38,2.12,4
661,85.5,1013,3.18,0.37,2.13,4
662,85,1005,3.22,0.36,2.14,4
663,84.5,1017,3.19,0.35,2.15,4
664,85,1003,3.21,0.34,2.16,4
665,84,1016,3.17,0.33,2.17,4
666,85.5,1009,3.23,0.32,2.18,4
667,85,1012,3.19,0.31,2.19,4
668,84.5,1007,3.21,0.3,2.2,4
669,85,1015,3.17,0.29,2.21,4
670,84,1004,3.2,0.28,2.22,4
671,85.5,1011,3.18,0.27,2.23,4
672,85,1008,3.22,0.26,2.24,4
673,84.5,1014,3.19,0.25,2.25,4
674,85,1006,3.21,0.24,2.26,4
675,84,1013,3.17,0.23,2.27,4
676,85.5,1002,3.23,0.22,2.28,4
677,85,1010,3.19,0.21,2.29,4
678,84.5,1009,3.21,0.2,2.3,4
679,85,1017,3.17,0.19,2.31,4
680,84,1005,3.2,0.18,2.32,4
681,85.5,1016,3.18,0.17,2.33,4
682,85,1003,3.22,0.16,2.34,4
683,84.5,1014,3.19,0.15,2.35,4
684,85,1007,3.21,0.14,2.36,4
685,84,1013,3.17,0.13,2.37,4
686,85.5,1002,3.23,0.12,2.38,4
687,85,1011,3.19,0.11,2.39,4
688,84.5,1009,3.21,0.1,2.4,4
689,85,1018,3.17,0.09,2.41,4
690,84,1006,3.2,0.08,2.42,4
691,85.5,1015,3.18,0.07,2.43,4
692,85,1004,3.22,0.06,2.44,4
693,84.5,1013,3.19,0.05,2.45,4
694,85,1008,3.21,0.04,2.46,4
695,84,1016,3.17,0.03,2.47,4
696,85.5,1002,3.23,0.02,2.48,4
697,85,1012,3.19,0.01,2.49,4
698,84.5,1009,3.21,0,2.5,4
699,85,1017,3.17,0,2.5,4
700,85,1015,3.2,2.5,0,5
701,84.5,1018,3.18,2.49,0.01,5
702,84,1013,3.22,2.48,0.02,5
703,83.5,1016,3.19,2.47,0.03,5
704,83,1011,3.21,2.46,0.04,5
705,82.5,1019,3.17,2.45,0.05,5
706,82,1014,3.23,2.44,0.06,5
707,81.5,1017,3.16,2.43,0.07,5
708,81,1012,3.24,2.42,0.08,5
709,80.5,1020,3.15,2.41,0.09,5
710,80,1015,3.25,2.4,0.1,5
711,79.5,1018,3.14,2.39,0.11,5
712,79,1013,3.26,2.38,0.12,5
713,78.5,1021,3.13,2.37,0.13,5
714,78,1016,3.27,2.36,0.14,5
715,77.5,1019,3.12,2.35,0.15,5
716,77,1014,3.28,2.34,0.16,5
717,76.5,1022,3.11,2.33,0.17,5
718,76,1017,3.29,2.32,0.18,5
719,75.5,1015,3.1,2.31,0.19,5
720,75,1023,3.3,2.3,0.2,5
721,74.5,1018,3.09,2.29,0.21,5
722,74,1024,3.31,2.28,0.22,5
723,73.5,1019,3.08,2.27,0.23,5
724,73,1025,3.32,2.26,0.24,5
725,72.5,1020,3.07,2.25,0.25,5
726,72,1026,3.33,2.24,0.26,5
727,71.5,1021,3.06,2.23,0.27,5
728,71,1027,3.34,2.22,0.28,5
729,70.5,1022,3.05,2.21,0.29,5
730,70,1028,3.35,2.2,0.3,5
731,69.5,1023,3.04,2.19,0.31,5
732,69,1029,3.36,2.18,0.32,5
733,68.5,1024,3.03,2.17,0.33,5
734,68,1030,3.37,2.16,0.34,5
735,67.5,1025,3.02,2.15,0.35,5
736,67,1031,3.38,2.14,0.36,5
737,66.5,1026,3.01,2.13,0.37,5
738,66,1032,3.39,2.12,0.38,5
739,65.5,1027,3,2.11,0.39,5
740,65,1033,3.4,2.1,0.4,5
741,64.5,1028,2.99,2.09,0.41,5
742,64,1034,3.41,2.08,0.42,5
743,63.5,1029,2.98,2.07,0.43,5
744,63,1035,3.42,2.06,0.44,5
745,62.5,1030,2.97,2.05,0.45,5
746,62,1036,3.43,2.04,0.46,5
747,61.5,1031,2.96,2.03,0.47,5
748,61,1037,3.44,2.02,0.48,5
749,60.5,1032,2.95,2.01,0.49,5
750,85,1015,3.2,2.01,0.49,5
751,84.5,1013,3.18,2,0.5,5
752,84,1016,3.19,1.99,0.51,5
753,83.5,1018,3.21,1.98,0.52,5
754,83,1014,3.2,1.97,0.53,5
755,82.5,1017,3.19,1.96,0.54,5
756,82,1019,3.22,1.95,0.55,5
757,81.5,1015,3.2,1.94,0.56,5
758,81,1018,3.18,1.93,0.57,5
759,80.5,1016,3.21,1.92,0.58,5
760,80,1014,3.19,1.91,0.59,5
761,79.5,1017,3.22,1.9,0.6,5
762,79,1015,3.2,1.89,0.61,5
763,78.5,1018,3.18,1.88,0.62,5
764,78,1016,3.21,1.87,0.63,5
765,77.5,1014,3.19,1.86,0.64,5
766,77,1017,3.22,1.85,0.65,5
767,76.5,1015,3.2,1.84,0.66,5
768,76,1018,3.18,1.83,0.67,5
769,75.5,1016,3.21,1.82,0.68,5
770,75,1014,3.19,1.81,0.69,5
771,74.5,1017,3.22,1.8,0.7,5
772,74,1015,3.2,1.79,0.71,5
773,73.5,1018,3.18,1.78,0.72,5
774,73,1016,3.21,1.77,0.73,5
775,72.5,1014,3.19,1.76,0.74,5
776,72,1017,3.22,1.75,0.75,5
777,71.5,1015,3.2,1.74,0.76,5
778,71,1018,3.18,1.73,0.77,5
779,70.5,1016,3.21,1.72,0.78,5
780,70,1014,3.19,1.71,0.79,5
781,69.5,1017,3.22,1.7,0.8,5
782,69,1015,3.2,1.69,0.81,5
783,68.5,1018,3.18,1.68,0.82,5
784,68,1016,3.21,1.67,0.83,5
785,67.5,1014,3.19,1.66,0.84,5
786,67,1017,3.22,1.65,0.85,5
787,66.5,1015,3.2,1.64,0.86,5
788,66,1018,3.18,1.63,0.87,5
789,65.5,1016,3.21,1.62,0.88,5
790,65,1014,3.19,1.61,0.89,5
791,64.5,1017,3.22,1.6,0.9,5
792,64,1015,3.2,1.59,0.91,5
793,63.5,1018,3.18,1.58,0.92,5
794,63,1016,3.21,1.57,0.93,5
795,62.5,1014,3.19,1.56,0.94,5
796,62,1017,3.22,1.55,0.95,5
797,61.5,1015,3.2,1.54,0.96,5
798,61,1018,3.18,1.53,0.97,5
799,60.5,1016,3.21,1.52,0.98,5
800,85,1015,3.2,1.52,0.98,5
801,84.5,1007,3.18,1.47,1.03,5
802,85.25,1019,3.22,1.42,1.08,5
803,84.75,1003,3.16,1.37,1.13,5
804,85.5,1011,3.24,1.32,1.18,5
805,84,999,3.12,1.27,1.23,5
806,85.75,1005,3.26,1.22,1.28,5
807,84.25,1001,3.14,1.17,1.33,5
808,85.9,1017,3.28,1.12,1.38,5
809,84.45,997,3.16,1.07,1.43,5
810,86.05,1003,3.3,1.02,1.48,5
811,84.65,1009,3.18,0.97,1.53,5
812,86.2,1015,3.32,0.92,1.58,5
813,84.85,1001,3.2,0.87,1.63,5
814,86.35,1021,3.34,0.82,1.68,5
815,85.05,997,3.22,0.77,1.73,5
816,86.5,1013,3.36,0.72,1.78,5
817,85.25,993,3.24,0.67,1.83,5
818,86.65,1009,3.38,0.62,1.87,5
819,85.45,1005,3.26,0.57,1.93,5
820,86.8,1023,3.4,0.52,1.98,5
821,85.65,991,3.28,0.47,2.03,5
822,86.95,1017,3.42,0.42,2.08,5
823,85.85,989,3.3,0.37,2.13,5
824,87.1,1025,3.44,0.32,2.18,5
825,86.05,987,3.32,0.27,2.23,5
826,87.25,1019,3.46,0.22,2.28,5
827,86.25,985,3.34,0.17,2.33,5
828,87.4,1021,3.48,0.12,2.38,5
829,86.45,983,3.36,0.07,2.43,5
830,87.55,1017,3.5,0.02,2.48,5
831,86.65,981,3.38,0,2.5,5
832,87.7,1023,3.52,0,2.5,5
833,86.85,979,3.4,0,2.5,5
834,87.85,1025,3.54,0,2.5,5
835,87.05,977,3.42,0,2.5,5
836,87.95,1027,3.56,0,2.5,5
837,87.25,975,3.44,0,2.5,5
838,88.05,1029,3.58,0,2.5,5
839,87.45,973,3.46,0,2.5,5
840,88.15,1031,3.6,0,2.5,5
841,87.65,971,3.48,0,2.5,5
842,85,1015,3.2,2.5,0,6
843,85.5,1017,3.18,2.49,0.01,6
844,86,1019,3.16,2.48,0.02,6
845,86.5,1012,3.14,2.47,0.03,6
846,87,1016,3.12,2.46,0.04,6
847,87.5,1018,3.1,2.45,0.05,6
848,88,1014,3.08,2.44,0.06,6
849,88.5,1013,3.06,2.43,0.07,6
850,89,1011,3.04,2.42,0.08,6
851,89.5,1017,3.02,2.41,0.09,6
852,90,1015,3,2.4,0.1,6
853,90.5,1019,2.98,2.39,0.11,6
854,91,1013,2.96,2.38,0.12,6
855,91.5,1017,2.94,2.37,0.13,6
856,92,1014,2.92,2.36,0.14,6
857,92.5,1016,2.9,2.35,0.15,6
858,93,1018,2.88,2.34,0.16,6
859,93.5,1012,2.86,2.33,0.17,6
860,94,1015,2.84,2.32,0.18,6
861,94.5,1019,2.82,2.31,0.19,6
862,95,1017,2.8,2.3,0.2,6
863,95.5,1014,2.78,2.29,0.21,6
864,96,1016,2.76,2.28,0.22,6
865,96.5,1013,2.74,2.27,0.23,6
866,97,1011,2.72,2.26,0.24,6
867,97.5,1017,2.7,2.25,0.25,6
868,98,1019,2.68,2.24,0.26,6
869,98.5,1015,2.66,2.23,0.27,6
870,99,1017,2.64,2.22,0.28,6
871,99.5,1013,2.62,2.21,0.29,6
872,100,1016,2.6,2.2,0.3,6
873,100.5,1014,2.58,2.19,0.31,6
874,101,1011,2.56,2.18,0.32,6
875,101.5,1017,2.54,2.17,0.33,6
876,102,1019,2.52,2.16,0.34,6
877,102.5,1015,2.5,2.15,0.35,6
878,103,1017,2.48,2.14,0.36,6
879,103.5,1013,2.46,2.13,0.37,6
880,104,1016,2.44,2.12,0.38,6
881,104.5,1014,2.42,2.11,0.39,6
882,105,1011,2.4,2.1,0.4,6
883,105.5,1017,2.38,2.09,0.41,6
884,106,1019,2.36,2.08,0.42,6
885,106.5,1015,2.34,2.07,0.43,6
886,107,1017,2.32,2.06,0.44,6
887,107.5,1013,2.3,2.05,0.45,6
888,108,1016,2.28,2.04,0.46,6
889,108.5,1014,2.26,2.03,0.47,6
890,109,1011,2.24,2.02,0.48,6
891,109.5,1017,2.22,2.01,0.49,6
892,85,1015,3.2,2.01,0.49,6
893,85.5,1013,3.18,2,0.5,6
894,85,1016,3.22,1.99,0.51,6
895,84.5,1017,3.19,1.98,0.52,6
896,85,1019,3.21,1.97,0.53,6
897,84,1018,3.17,1.96,0.54,6
898,85.5,1014,3.2,1.95,0.55,6
899,85,1016,3.18,1.94,0.56,6
900,84.5,1017,3.22,1.93,0.57,6
901,85,1019,3.19,1.92,0.58,6
902,84,1018,3.21,1.91,0.59,6
903,85.5,1014,3.17,1.9,0.6,6
904,85,1016,3.2,1.89,0.61,6
905,84.5,1017,3.18,1.88,0.62,6
906,85,1019,3.22,1.87,0.63,6
907,84,1018,3.19,1.86,0.64,6
908,85.5,1014,3.21,1.85,0.65,6
909,85,1016,3.17,1.84,0.66,6
910,84.5,1017,3.2,1.83,0.67,6
911,85,1019,3.18,1.82,0.68,6
912,84,1018,3.22,1.81,0.69,6
913,85.5,1014,3.19,1.8,0.7,6
914,85,1016,3.21,1.79,0.71,6
915,84.5,1017,3.17,1.78,0.72,6
916,85,1019,3.2,1.77,0.73,6
917,84,1018,3.18,1.76,0.74,6
918,85.5,1014,3.22,1.75,0.75,6
919,85,1016,3.19,1.74,0.76,6
920,84.5,1017,3.21,1.73,0.77,6
921,85,1019,3.17,1.72,0.78,6
922,84,1018,3.2,1.71,0.79,6
923,85.5,1014,3.18,1.7,0.8,6
924,85,1016,3.22,1.69,0.81,6
925,84.5,1017,3.19,1.68,0.82,6
926,85,1019,3.21,1.67,0.83,6
927,84,1018,3.17,1.66,0.84,6
928,85.5,1014,3.2,1.65,0.85,6
929,85,1016,3.18,1.64,0.86,6
930,84.5,1017,3.22,1.63,0.87,6
931,85,1019,3.19,1.62,0.88,6
932,84,1018,3.21,1.61,0.89,6
933,85.5,1014,3.17,1.6,0.9,6
934,85,1016,3.2,1.59,0.91,6
935,84.5,1017,3.18,1.58,0.92,6
936,85,1019,3.22,1.57,0.93,6
937,84,1018,3.19,1.56,0.94,6
938,85.5,1014,3.21,1.55,0.95,6
939,85,1016,3.17,1.54,0.96,6
940,84.5,1017,3.2,1.53,0.97,6
941,85,1019,3.18,1.52,0.98,6
942,85,1015,3.2,1.52,0.98,6
943,85.5,1011,3.18,1.47,1.03,6
944,86,1018,3.22,1.42,1.08,6
945,86.5,1016,3.19,1.37,1.13,6
946,87,1019,3.21,1.32,1.18,6
947,87.5,1017,3.17,1.27,1.23,6
948,88,1013,3.23,1.22,1.28,6
949,88.5,1015,3.16,1.17,1.33,6
950,89,1014,3.24,1.12,1.38,6
951,89.5,1012,3.18,1.07,1.43,6
952,90,1016,3.25,1.02,1.48,6
953,90.5,1018,3.19,0.97,1.53,6
954,91,1014,3.26,0.92,1.57,6
955,91.5,1017,3.18,0.87,1.63,6
956,92,1013,3.27,0.82,1.67,6
957,92.5,1015,3.19,0.77,1.73,6
958,93,1012,3.28,0.72,1.77,6
959,93.5,1014,3.18,0.67,1.83,6
960,94,1017,3.29,0.62,1.87,6
961,94.5,1013,3.18,0.57,1.93,6
962,95,1015,3.3,0.52,1.97,6
963,95.5,1012,3.18,0.47,2.03,6
964,96,1014,3.31,0.42,2.07,6
965,96.5,1017,3.18,0.37,2.13,6
966,97,1013,3.32,0.32,2.17,6
967,97.5,1015,3.18,0.27,2.23,6
968,98,1012,3.33,0.22,2.27,6
969,98.5,1014,3.18,0.17,2.33,6
970,99,1017,3.34,0.12,2.37,6
971,99.5,1013,3.18,0.07,2.43,6
972,100,1015,3.35,0.02,2.47,6
973,100.5,1012,3.18,0,2.5,6
974,101,1014,3.36,0,2.5,6
975,101.5,1017,3.18,0,2.5,6
976,102,1012,3.37,0,2.5,6
977,102.5,1014,3.18,0,2.5,6
978,103,1017,3.38,0,2.5,6
979,103.5,1012,3.18,0,2.5,6
980,104,1014,3.39,0,2.5,6
981,104.5,1017,3.18,0,2.5,6
982,105,1012,3.4,0,2.5,6
983,105.5,1014,3.18,0,2.5,6
984,106,1017,3.41,0,2.5,6
985,106.5,1012,3.18,0,2.5,6
986,107,1014,3.42,0,2.5,6
987,107.5,1017,3.18,0,2.5,6
988,108,1012,3.43,0,2.5,6
989,108.5,1014,3.18,0,2.5,6
990,109,1017,3.44,0,2.5,6
991,109.5,1012,3.18,0,2.5,6
992,85,1015,3.2,2.5,0,7
993,84.9,1013,3.18,2.49,0.01,7
994,85.1,1016,3.22,2.48,0.02,7
995,84.8,1009,3.19,2.47,0.03,7
996,85,1017,3.21,2.46,0.04,7
997,84.9,1014,3.17,2.45,0.05,7
998,85.1,1012,3.23,2.44,0.06,7
999,84.8,1008,3.16,2.43,0.07,7
1000,85,1015,3.2,2.42,0.08,7
1001,84.9,1013,3.18,2.41,0.09,7
1002,85.1,1016,3.22,2.4,0.1,7
1003,84.8,1009,3.19,2.39,0.11,7
1004,85,1017,3.21,2.38,0.12,7
1005,84.9,1014,3.17,2.37,0.13,7
1006,85.1,1012,3.23,2.36,0.14,7
1007,84.8,1008,3.16,2.35,0.15,7
1008,85,1015,3.2,2.34,0.16,7
1009,84.9,1013,3.18,2.33,0.17,7
1010,85.1,1016,3.22,2.32,0.18,7
1011,84.8,1009,3.19,2.31,0.19,7
1012,85,1017,3.21,2.3,0.2,7
1013,84.9,1014,3.17,2.29,0.21,7
1014,85.1,1012,3.23,2.28,0.22,7
1015,84.8,1008,3.16,2.27,0.23,7
1016,85,1015,3.2,2.26,0.24,7
1017,84.9,1013,3.18,2.25,0.25,7
1018,85.1,1016,3.22,2.24,0.26,7
1019,84.8,1009,3.19,2.23,0.27,7
1020,85,1017,3.21,2.22,0.28,7
1021,84.9,1014,3.17,2.21,0.29,7
1022,85.1,1012,3.23,2.2,0.3,7
1023,84.8,1008,3.16,2.19,0.31,7
1024,85,1015,3.2,2.18,0.32,7
1025,84.9,1013,3.18,2.17,0.33,7
1026,85.1,1016,3.22,2.16,0.34,7
1027,84.8,1009,3.19,2.15,0.35,7
1028,85,1017,3.21,2.14,0.36,7
1029,84.9,1014,3.17,2.13,0.37,7
1030,85.1,1012,3.23,2.12,0.38,7
1031,84.8,1008,3.16,2.11,0.39,7
1032,85,1015,3.2,2.1,0.4,7
1033,84.9,1013,3.18,2.09,0.41,7
1034,85.1,1016,3.22,2.08,0.42,7
1035,84.8,1009,3.19,2.07,0.43,7
1036,85,1017,3.21,2.06,0.44,7
1037,84.9,1014,3.17,2.05,0.45,7
1038,85.1,1012,3.23,2.04,0.46,7
1039,84.8,1008,3.16,2.03,0.47,7
1040,85,1015,3.2,2.02,0.48,7
1041,84.9,1013,3.18,2.01,0.49,7
1042,85,1015,3.2,2.01,0.49,7
1043,85.5,1007,3.18,2,0.5,7
1044,85,1012,3.19,1.99,0.51,7
1045,84.5,1019,3.21,1.98,0.52,7
1046,85,1005,3.2,1.97,0.53,7
1047,84,1011,3.17,1.96,0.54,7
1048,85.5,1002,3.22,1.95,0.55,7
1049,85,1018,3.19,1.94,0.56,7
1050,84.5,1009,3.2,1.93,0.57,7
1051,85,1015,3.18,1.92,0.58,7
1052,84,1006,3.21,1.91,0.59,7
1053,85.5,1012,3.17,1.9,0.6,7
1054,85,1003,3.22,1.89,0.61,7
1055,84.5,1019,3.19,1.88,0.62,7
1056,85,1007,3.2,1.87,0.63,7
1057,84,1015,3.18,1.86,0.64,7
1058,85.5,1009,3.21,1.85,0.65,7
1059,85,1016,3.17,1.84,0.66,7
1060,84.5,1002,3.22,1.83,0.67,7
1061,85,1013,3.19,1.82,0.68,7
1062,84,1008,3.2,1.81,0.69,7
1063,85.5,1010,3.18,1.8,0.7,7
1064,85,1005,3.21,1.79,0.71,7
1065,84.5,1017,3.17,1.78,0.72,7
1066,85,1001,3.22,1.77,0.73,7
1067,84,1014,3.19,1.76,0.74,7
1068,85.5,1006,3.2,1.75,0.75,7
1069,85,1011,3.18,1.74,0.76,7
1070,84.5,1003,3.21,1.73,0.77,7
1071,85,1018,3.17,1.72,0.78,7
1072,84,1009,3.22,1.71,0.79,7
1073,85.5,1015,3.19,1.7,0.8,7
1074,85,1007,3.2,1.69,0.81,7
1075,84.5,1012,3.18,1.68,0.82,7
1076,85,1004,3.21,1.67,0.83,7
1077,84,1019,3.17,1.66,0.84,7
1078,85.5,1006,3.22,1.65,0.85,7
1079,85,1013,3.19,1.64,0.86,7
1080,84.5,1001,3.2,1.63,0.87,7
1081,85,1010,3.18,1.62,0.88,7
1082,84,1008,3.21,1.61,0.89,7
1083,85.5,1016,3.17,1.6,0.9,7
1084,85,1005,3.22,1.59,0.91,7
1085,84.5,1013,3.19,1.58,0.92,7
1086,85,1002,3.2,1.57,0.93,7
1087,84,1010,3.18,1.56,0.94,7
1088,85.5,1009,3.21,1.55,0.95,7
1089,85,1017,3.17,1.54,0.96,7
1090,84.5,1006,3.22,1.53,0.97,7
1091,85,1014,3.19,1.52,0.98,7
1092,85,1015,3.2,1.52,0.98,7
1093,85.5,1015,3.18,1.47,1.03,7
1094,86,1015,3.16,1.42,1.08,7
1095,86.5,1015,3.14,1.37,1.13,7
1096,87,1015,3.12,1.32,1.18,7
1097,87.5,1015,3.1,1.27,1.23,7
1098,88,1015,3.08,1.22,1.28,7
1099,88.5,1015,3.06,1.17,1.33,7
1100,89,1015,3.04,1.12,1.38,7
1101,89.5,1015,3.02,1.07,1.43,7
1102,90,1015,3,1.02,1.48,7
1103,90.5,1015,2.98,0.97,1.53,7
1104,91,1015,2.96,0.92,1.58,7
1105,91.5,1015,2.94,0.87,1.63,7
1106,92,1015,2.92,0.82,1.68,7
1107,92.5,1015,2.9,0.77,1.73,7
1108,93,1015,2.88,0.72,1.78,7
1109,93.5,1015,2.86,0.67,1.83,7
1110,94,1015,2.84,0.62,1.88,7
1111,94.5,1015,2.82,0.57,1.93,7
1112,95,1015,2.8,0.52,1.98,7
1113,95.5,1015,2.78,0.47,2.03,7
1114,96,1015,2.76,0.42,2.08,7
1115,96.5,1015,2.74,0.37,2.13,7
1116,97,1015,2.72,0.32,2.18,7
1117,97.5,1015,2.7,0.27,2.23,7
1118,98,1015,2.68,0.22,2.28,7
1119,98.5,1015,2.66,0.17,2.33,7
1120,99,1015,2.64,0.12,2.38,7
1121,99.5,1015,2.62,0.07,2.43,7
1122,100,1015,2.6,0.02,2.48,7
1123,100.5,1015,2.58,0,2.5,7
1124,101,1015,2.56,0,2.5,7
1125,101.5,1015,2.54,0,2.5,7
1126,102,1015,2.52,0,2.5,7
1127,102.5,1015,2.5,0,2.5,7
1128,103,1015,2.48,0,2.5,7
1129,103.5,1015,2.46,0,2.5,7
1130,104,1015,2.44,0,2.5,7
1131,104.5,1015,2.42,0,2.5,7
1132,105,1015,2.4,0,2.5,7
1133,105.5,1015,2.38,0,2.5,7
1134,106,1015,2.36,0,2.5,7
1135,106.5,1015,2.34,0,2.5,7
1136,107,1015,2.32,0,2.5,7
1137,107.5,1015,2.3,0,2.5,7
1138,108,1015,2.28,0,2.5,7
1139,108.5,1015,2.26,0,2.5,7
1140,109,1015,2.24,0,2.5,7
1141,110,1015,2.22,0,2.5,7
1142,85,1015,3.2,2.5,0,8
1143,85.5,1011,3.18,2.49,0.01,8
1144,85,1017,3.22,2.48,0.02,8
1145,84.5,1013,3.19,2.47,0.03,8
1146,85,1016,3.21,2.46,0.04,8
1147,84,1019,3.17,2.45,0.05,8
1148,84.5,1012,3.2,2.44,0.06,8
1149,85,1018,3.18,2.43,0.07,8
1150,84,1015,3.21,2.42,0.08,8
1151,84.5,1011,3.19,2.41,0.09,8
1152,85,1017,3.2,2.4,0.1,8
1153,84.5,1013,3.18,2.39,0.11,8
1154,85,1016,3.22,2.38,0.12,8
1155,85.5,1012,3.19,2.37,0.13,8
1156,85,1018,3.21,2.36,0.14,8
1157,84.5,1015,3.17,2.35,0.15,8
1158,85,1011,3.2,2.34,0.16,8
1159,84,1017,3.18,2.33,0.17,8
1160,84.5,1013,3.22,2.32,0.18,8
1161,85,1016,3.19,2.31,0.19,8
1162,84.5,1012,3.21,2.3,0.2,8
1163,85,1018,3.17,2.29,0.21,8
1164,84,1015,3.2,2.28,0.22,8
1165,84.5,1011,3.18,2.27,0.23,8
1166,85,1017,3.22,2.26,0.24,8
1167,84.5,1013,3.19,2.25,0.25,8
1168,85,1016,3.21,2.24,0.26,8
1169,84.5,1012,3.17,2.23,0.27,8
1170,85,1018,3.2,2.22,0.28,8
1171,84,1015,3.18,2.21,0.29,8
1172,84.5,1011,3.22,2.2,0.3,8
1173,85,1017,3.19,2.19,0.31,8
1174,84.5,1013,3.21,2.18,0.32,8
1175,85,1016,3.17,2.17,0.33,8
1176,84.5,1012,3.2,2.16,0.34,8
1177,85,1018,3.18,2.15,0.35,8
1178,84,1015,3.22,2.14,0.36,8
1179,84.5,1011,3.19,2.13,0.37,8
1180,85,1017,3.21,2.12,0.38,8
1181,84.5,1013,3.17,2.11,0.39,8
1182,85,1016,3.2,2.1,0.4,8
1183,84.5,1012,3.18,2.09,0.41,8
1184,85,1018,3.22,2.08,0.42,8
1185,84,1015,3.19,2.07,0.43,8
1186,84.5,1011,3.21,2.06,0.44,8
1187,85,1017,3.17,2.05,0.45,8
1188,84.5,1013,3.2,2.04,0.46,8
1189,85,1016,3.18,2.03,0.47,8
1190,84.5,1012,3.22,2.02,0.48,8
1191,85,1018,3.19,2.01,0.49,8
1192,85,1015,3.2,2.01,0.49,8
1193,85.5,1017,3.18,2,0.5,8
1194,86,1013,3.22,1.99,0.51,8
1195,86.5,1014,3.19,1.98,0.52,8
1196,87,1016,3.21,1.97,0.53,8
1197,87.5,1018,3.17,1.96,0.54,8
1198,88,1019,3.23,1.95,0.55,8
1199,88.5,1012,3.16,1.94,0.56,8
1200,89,1015,3.24,1.93,0.57,8
1201,89.5,1013,3.15,1.92,0.58,8
1202,90,1017,3.26,1.91,0.59,8
1203,90.5,1019,3.14,1.9,0.6,8
1204,91,1016,3.27,1.89,0.61,8
1205,91.5,1014,3.13,1.88,0.62,8
1206,92,1018,3.28,1.87,0.63,8
1207,92.5,1015,3.12,1.86,0.64,8
1208,93,1017,3.29,1.85,0.65,8
1209,93.5,1013,3.11,1.84,0.66,8
1210,94,1019,3.3,1.83,0.67,8
1211,94.5,1016,3.1,1.82,0.68,8
1212,95,1014,3.31,1.81,0.69,8
1213,95.5,1018,3.09,1.8,0.7,8
1214,96,1015,3.32,1.79,0.71,8
1215,96.5,1013,3.08,1.78,0.72,8
1216,97,1017,3.33,1.77,0.73,8
1217,97.5,1014,3.07,1.76,0.74,8
1218,98,1019,3.34,1.75,0.75,8
1219,98.5,1016,3.06,1.74,0.76,8
1220,99,1013,3.35,1.73,0.77,8
1221,99.5,1017,3.05,1.72,0.78,8
1222,100,1014,3.36,1.71,0.79,8
1223,100.5,1019,3.04,1.7,0.8,8
1224,101,1016,3.37,1.69,0.81,8
1225,101.5,1013,3.03,1.68,0.82,8
1226,102,1017,3.38,1.67,0.83,8
1227,102.5,1014,3.02,1.66,0.84,8
1228,103,1019,3.39,1.65,0.85,8
1229,103.5,1016,3.01,1.64,0.86,8
1230,104,1013,3.4,1.63,0.87,8
1231,104.5,1017,3,1.62,0.88,8
1232,105,1014,3.41,1.61,0.89,8
1233,105.5,1019,2.99,1.6,0.9,8
1234,106,1016,3.42,1.59,0.91,8
1235,106.5,1013,2.98,1.58,0.92,8
1236,107,1017,3.43,1.57,0.93,8
1237,107.5,1014,2.97,1.56,0.94,8
1238,108,1019,3.44,1.55,0.95,8
1239,108.5,1016,2.96,1.54,0.96,8
1240,109,1013,3.45,1.53,0.97,8
1241,109.5,1017,2.95,1.52,0.98,8
1242,85,1015,3.2,1.52,0.98,8
1243,84.5,1007,3.18,1.47,1.03,8
1244,85,1012,3.22,1.42,1.08,8
1245,85.5,1019,3.19,1.37,1.13,8
1246,84,1002,3.21,1.32,1.18,8
1247,84.5,1010,3.17,1.27,1.23,8
1248,85,1006,3.23,1.22,1.28,8
1249,85.5,1014,3.16,1.17,1.33,8
1250,84,1009,3.24,1.12,1.38,8
1251,84.5,1017,3.19,1.07,1.43,8
1252,85,1003,3.22,1.02,1.48,8
1253,85.5,1011,3.15,0.97,1.53,8
1254,84,1008,3.26,0.92,1.57,8
1255,84.5,1016,3.18,0.87,1.63,8
1256,85,1000,3.29,0.82,1.68,8
1257,85.5,1013,3.14,0.77,1.73,8
1258,84,1005,3.31,0.72,1.78,8
1259,84.5,1019,3.17,0.67,1.83,8
1260,85,1001,3.34,0.62,1.87,8
1261,85.5,1017,3.19,0.57,1.93,8
1262,84,1006,3.37,0.52,1.97,8
1263,84.5,1014,3.22,0.47,2.03,8
1264,85,1002,3.4,0.42,2.07,8
1265,85.5,1011,3.25,0.37,2.13,8
1266,84,1008,3.43,0.32,2.17,8
1267,84.5,1016,3.28,0.27,2.23,8
1268,85,1004,3.46,0.22,2.27,8
1269,85.5,1012,3.31,0.17,2.33,8
1270,84,1009,3.49,0.12,2.37,8
1271,84.5,1017,3.34,0.07,2.43,8
1272,85,1001,3.52,0.02,2.47,8
1273,85.5,1010,3.37,0,2.5,8
1274,84,1006,3.55,0,2.5,8
1275,84.5,1014,3.4,0,2.5,8
1276,85,1002,3.58,0,2.5,8
1277,85.5,1011,3.43,0,2.5,8
1278,84,1008,3.61,0,2.5,8
1279,84.5,1016,3.46,0,2.5,8
1280,85,1004,3.64,0,2.5,8
1281,85.5,1012,3.5,0,2.5,8
1282,84,1009,3.67,0,2.5,8
1283,84.5,1017,3.53,0,2.5,8
1284,85,1001,3.7,0,2.5,8
1285,85.5,1010,3.56,0,2.5,8
1286,84,1006,3.73,0,2.5,8
1287,84.5,1014,3.6,0,2.5,8
1288,85,1002,3.76,0,2.5,8
1289,85.5,1011,3.63,0,2.5,8
1290,84,1008,3.79,0,2.5,8
1291,84.5,1016,3.66,0,2.5,8
1292,85,1015,3.2,2.5,0,9
1293,85.5,1012,3.18,2.49,0.01,9
1294,85,1017,3.22,2.48,0.02,9
1295,84.5,1016,3.19,2.47,0.03,9
1296,85,1009,3.21,2.46,0.04,9
1297,84,1013,3.17,2.45,0.05,9
1298,85.5,1008,3.23,2.44,0.06,9
1299,84,1012,3.16,2.43,0.07,9
1300,85.5,1015,3.2,2.42,0.08,9
1301,84,1007,3.18,2.41,0.09,9
1302,85,1014,3.19,2.4,0.1,9
1303,83.5,1011,3.22,2.39,0.11,9
1304,84,1016,3.17,2.38,0.12,9
1305,85,1009,3.2,2.37,0.13,9
1306,83.5,1014,3.16,2.36,0.14,9
1307,84,1012,3.21,2.35,0.15,9
1308,85,1008,3.19,2.34,0.16,9
1309,83,1015,3.23,2.33,0.17,9
1310,84.5,1011,3.18,2.32,0.18,9
1311,85,1016,3.2,2.31,0.19,9
1312,83,1007,3.17,2.3,0.2,9
1313,84.5,1014,3.22,2.29,0.21,9
1314,85,1012,3.19,2.28,0.22,9
1315,83,1009,3.21,2.27,0.23,9
1316,84.5,1015,3.16,2.26,0.24,9
1317,85,1011,3.2,2.25,0.25,9
1318,83,1016,3.18,2.24,0.26,9
1319,84.5,1007,3.22,2.23,0.27,9
1320,85,1014,3.19,2.22,0.28,9
1321,83,1012,3.21,2.21,0.29,9
1322,84.5,1009,3.16,2.2,0.3,9
1323,85,1015,3.2,2.19,0.31,9
1324,83,1011,3.17,2.18,0.32,9
1325,84.5,1016,3.22,2.17,0.33,9
1326,85,1007,3.19,2.16,0.34,9
1327,83,1014,3.21,2.15,0.35,9
1328,84.5,1012,3.16,2.14,0.36,9
1329,85,1009,3.2,2.13,0.37,9
1330,83,1015,3.17,2.12,0.38,9
1331,84.5,1011,3.22,2.11,0.39,9
1332,85,1015,3.2,2.11,0.39,9
1333,84.95,1018,3.18,2.1,0.4,9
1334,85.05,1011,3.22,2.09,0.41,9
1335,84.9,1017,3.19,2.08,0.42,9
1336,85.1,1009,3.21,2.07,0.43,9
1337,84.95,1014,3.17,2.06,0.44,9
1338,85.05,1006,3.23,2.05,0.45,9
1339,84.9,1012,3.16,2.04,0.46,9
1340,85.1,1007,3.24,2.03,0.47,9
1341,84.95,1013,3.15,2.02,0.48,9
1342,85.05,1004,3.25,2.01,0.49,9
1343,84.9,1010,3.14,2,0.5,9
1344,85.1,1005,3.26,1.99,0.51,9
1345,84.9,1008,3.13,1.98,0.52,9
1346,85.1,1006,3.27,1.97,0.53,9
1347,84.9,1009,3.12,1.96,0.54,9
1348,85.1,1007,3.28,1.95,0.55,9
1349,84.9,1010,3.11,1.94,0.56,9
1350,85.1,1008,3.29,1.93,0.57,9
1351,84.9,1009,3.1,1.92,0.58,9
1352,85.1,1007,3.3,1.91,0.59,9
1353,84.9,1010,3.09,1.9,0.6,9
1354,85.1,1006,3.31,1.89,0.61,9
1355,84.9,1008,3.08,1.88,0.62,9
1356,85.1,1007,3.32,1.87,0.63,9
1357,84.9,1009,3.07,1.86,0.64,9
1358,85.1,1006,3.33,1.85,0.65,9
1359,84.9,1008,3.06,1.84,0.66,9
1360,85.1,1007,3.34,1.83,0.67,9
1361,84.9,1009,3.05,1.82,0.68,9
1362,85.1,1006,3.35,1.81,0.69,9
1363,84.9,1008,3.04,1.8,0.7,9
1364,85.1,1007,3.36,1.79,0.71,9
1365,84.9,1009,3.03,1.78,0.72,9
1366,85.1,1006,3.37,1.77,0.73,9
1367,84.9,1008,3.02,1.76,0.74,9
1368,85.1,1007,3.38,1.75,0.75,9
1369,84.9,1009,3.01,1.74,0.76,9
1370,85.1,1006,3.39,1.73,0.77,9
1371,84.9,1008,3,1.72,0.78,9
1372,85.1,1007,3.4,1.71,0.79,9
1373,84.9,1009,2.99,1.7,0.8,9
1374,85.1,1006,3.41,1.69,0.81,9
1375,84.9,1008,2.98,1.68,0.82,9
1376,85.1,1007,3.42,1.67,0.83,9
1377,84.9,1009,2.97,1.66,0.84,9
1378,85.1,1006,3.43,1.65,0.85,9
1379,84.9,1008,2.96,1.64,0.86,9
1380,85.1,1007,3.44,1.63,0.87,9
1381,84.9,1009,2.95,1.62,0.88,9
1382,85,1015,3.2,1.62,0.88,9
1383,85.5,1014,3.18,1.57,0.93,9
1384,86,1018,3.19,1.52,0.97,9
1385,86.5,1011,3.21,1.47,1.03,9
1386,87,1016,3.2,1.42,1.08,9
1387,87.5,1012,3.17,1.37,1.13,9
1388,88,1014,3.19,1.32,1.17,9
1389,88.5,1019,3.22,1.27,1.23,9
1390,89,1016,3.2,1.22,1.28,9
1391,89.5,1013,3.17,1.17,1.33,9
1392,90,1017,3.19,1.12,1.37,9
1393,90.5,1015,3.21,1.07,1.43,9
1394,91,1018,3.2,1.02,1.47,9
1395,91.5,1012,3.17,0.97,1.53,9
1396,92,1016,3.19,0.92,1.57,9
1397,92.5,1014,3.22,0.87,1.63,9
1398,93,1019,3.2,0.82,1.67,9
1399,93.5,1017,3.17,0.77,1.73,9
1400,94,1015,3.19,0.72,1.77,9
1401,94.5,1018,3.21,0.67,1.83,9
1402,95,1012,3.2,0.62,1.87,9
1403,95.5,1016,3.17,0.57,1.93,9
1404,96,1014,3.19,0.52,1.97,9
1405,96.5,1019,3.22,0.47,2.03,9
1406,97,1017,3.2,0.42,2.07,9
1407,97.5,1015,3.17,0.37,2.13,9
1408,98,1018,3.19,0.32,2.17,9
1409,98.5,1012,3.21,0.27,2.23,9
1410,99,1016,3.2,0.22,2.27,9
1411,99.5,1014,3.17,0.17,2.33,9
1412,100,1019,3.19,0.12,2.37,9
1413,100.5,1017,3.22,0.07,2.43,9
1414,101,1015,3.2,0.02,2.47,9
1415,101.5,1018,3.17,0,2.5,9
1416,102,1012,3.19,0,2.5,9
1417,102.5,1016,3.21,0,2.5,9
1418,103,1014,3.2,0,2.5,9
1419,103.5,1019,3.17,0,2.5,9
1420,104,1017,3.19,0,2.5,9
1421,104.5,1015,3.22,0,2.5,9
1422,105,1018,3.2,0,2.5,9
1423,85,1015,3.2,2.5,0,10
1424,85.5,1007,3.18,2.49,0.01,10
1425,85,1012,3.19,2.48,0.02,10
1426,84.5,1009,3.21,2.47,0.03,10
1427,85,1016,3.17,2.46,0.04,10
1428,85.5,1004,3.19,2.45,0.05,10
1429,85,1011,3.22,2.44,0.06,10
1430,84.5,1008,3.18,2.43,0.07,10
1431,85,1013,3.2,2.42,0.08,10
1432,85.5,1006,3.16,2.41,0.09,10
1433,85,1010,3.19,2.4,0.1,10
1434,84.5,1002,3.22,2.39,0.11,10
1435,85,1014,3.17,2.38,0.12,10
1436,85.5,1000,3.19,2.37,0.13,10
1437,85,1011,3.2,2.36,0.14,10
1438,84.5,1007,3.18,2.35,0.15,10
1439,85,1013,3.21,2.34,0.16,10
1440,85.5,1004,3.16,2.33,0.17,10
1441,85,1010,3.19,2.32,0.18,10
1442,84.5,1002,3.22,2.31,0.19,10
1443,85,1014,3.17,2.3,0.2,10
1444,85.5,1000,3.19,2.29,0.21,10
1445,85,1011,3.2,2.28,0.22,10
1446,84.5,1007,3.18,2.27,0.23,10
1447,85,1013,3.21,2.26,0.24,10
1448,85.5,1004,3.16,2.25,0.25,10
1449,85,1010,3.19,2.24,0.26,10
1450,84.5,1002,3.22,2.23,0.27,10
1451,85,1014,3.17,2.22,0.28,10
1452,85.5,1000,3.19,2.21,0.29,10
1453,85,1011,3.2,2.2,0.3,10
1454,84.5,1007,3.18,2.19,0.31,10
1455,85,1013,3.21,2.18,0.32,10
1456,85.5,1004,3.16,2.17,0.33,10
1457,85,1010,3.19,2.16,0.34,10
1458,84.5,1002,3.22,2.15,0.35,10
1459,85,1014,3.17,2.14,0.36,10
1460,85.5,1000,3.19,2.13,0.37,10
1461,85,1011,3.2,2.12,0.38,10
1462,84.5,1007,3.18,2.11,0.39,10
1463,85,1013,3.21,2.1,0.4,10
1464,85.5,1004,3.16,2.09,0.41,10
1465,85,1010,3.19,2.08,0.42,10
1466,84.5,1002,3.22,2.07,0.43,10
1467,85,1014,3.17,2.06,0.44,10
1468,85.5,1000,3.19,2.05,0.45,10
1469,85,1011,3.2,2.04,0.46,10
1470,84.5,1007,3.18,2.03,0.47,10
1471,85,1013,3.21,2.02,0.48,10
1472,85.5,1004,3.16,2.01,0.49,10
1473,85,1015,3.2,2.01,0.49,10
1474,85.5,1007,3.18,2,0.5,10
1475,86,1012,3.22,1.99,0.51,10
1476,85.5,1018,3.19,1.98,0.52,10
1477,86,1003,3.21,1.97,0.53,10
1478,85,1010,3.17,1.96,0.54,10
1479,85.5,1009,3.23,1.95,0.55,10
1480,86,1017,3.16,1.94,0.56,10
1481,85.5,1010,3.24,1.93,0.57,10
1482,86,1008,3.19,1.92,0.58,10
1483,85.5,1014,3.21,1.91,0.59,10
1484,86,1006,3.17,1.9,0.6,10
1485,85.5,1012,3.23,1.89,0.61,10
1486,86,1010,3.18,1.88,0.62,10
1487,85.5,1008,3.24,1.87,0.63,10
1488,86,1015,3.19,1.86,0.64,10
1489,85.5,1011,3.21,1.85,0.65,10
1490,86,1007,3.17,1.84,0.66,10
1491,85.5,1013,3.23,1.83,0.67,10
1492,86,1010,3.16,1.82,0.68,10
1493,85.5,1009,3.24,1.81,0.69,10
1494,86,1016,3.19,1.8,0.7,10
1495,85.5,1012,3.21,1.79,0.71,10
1496,86,1006,3.18,1.78,0.72,10
1497,85.5,1014,3.23,1.77,0.73,10
1498,86,1011,3.16,1.76,0.74,10
1499,85.5,1008,3.24,1.75,0.75,10
1500,86,1015,3.19,1.74,0.76,10
1501,85.5,1013,3.21,1.73,0.77,10
1502,86,1007,3.17,1.72,0.78,10
1503,85.5,1011,3.23,1.71,0.79,10
1504,86,1010,3.16,1.7,0.8,10
1505,85.5,1009,3.24,1.69,0.81,10
1506,86,1016,3.19,1.68,0.82,10
1507,85.5,1014,3.21,1.67,0.83,10
1508,86,1006,3.17,1.66,0.84,10
1509,85.5,1012,3.23,1.65,0.85,10
1510,86,1010,3.16,1.64,0.86,10
1511,85.5,1008,3.24,1.63,0.87,10
1512,86,1015,3.19,1.62,0.88,10
1513,85.5,1013,3.21,1.61,0.89,10
1514,86,1007,3.17,1.6,0.9,10
1515,85.5,1011,3.23,1.59,0.91,10
1516,86,1010,3.16,1.58,0.92,10
1517,85.5,1009,3.24,1.57,0.93,10
1518,86,1016,3.19,1.56,0.94,10
1519,85.5,1014,3.21,1.55,0.95,10
1520,86,1006,3.17,1.54,0.96,10
1521,85.5,1012,3.23,1.53,0.97,10
1522,86,1010,3.16,1.52,0.98,10
1523,85,1015,3.2,1.52,0.98,10
1524,84.95,1017,3.18,1.47,1.03,10
1525,85.05,1016,3.22,1.42,1.08,10
1526,84.9,1009,3.19,1.37,1.13,10
1527,85.05,1013,3.21,1.32,1.18,10
1528,84.8,1010,3.17,1.27,1.23,10
1529,85.1,1018,3.23,1.22,1.28,10
1530,84.95,1008,3.16,1.17,1.33,10
1531,85,1012,3.2,1.12,1.38,10
1532,84.85,1015,3.19,1.07,1.43,10
1533,85.05,1011,3.22,1.02,1.48,10
1534,84.9,1017,3.18,0.97,1.53,10
1535,85.05,1014,3.21,0.92,1.57,10
1536,84.8,1009,3.17,0.87,1.63,10
1537,85.1,1013,3.23,0.82,1.67,10
1538,84.95,1011,3.16,0.77,1.73,10
1539,85,1016,3.2,0.72,1.78,10
1540,84.85,1014,3.19,0.67,1.82,10
1541,85.05,1010,3.22,0.62,1.88,10
1542,84.9,1017,3.18,0.57,1.93,10
1543,85.05,1012,3.21,0.52,1.97,10
1544,84.8,1009,3.17,0.47,2.03,10
1545,85.1,1013,3.23,0.42,2.07,10
1546,84.95,1011,3.16,0.37,2.13,10
1547,85,1016,3.2,0.32,2.17,10
1548,84.85,1014,3.19,0.27,2.23,10
1549,85.05,1010,3.22,0.22,2.27,10
1550,84.9,1017,3.18,0.17,2.33,10
1551,85.05,1012,3.21,0.12,2.37,10
1552,84.8,1009,3.17,0.07,2.43,10
1553,85.1,1013,3.23,0.02,2.47,10
1554,84.95,1011,3.16,0,2.5,10
1555,85,1016,3.2,0,2.5,10
1556,84.85,1014,3.19,0,2.5,10
1557,85.05,1010,3.22,0,2.5,10
1558,84.9,1017,3.18,0,2.5,10
1559,85.05,1012,3.21,0,2.5,10
1560,84.8,1009,3.17,0,2.5,10
1561,85.1,1013,3.23,0,2.5,10
1562,84.95,1011,3.16,0,2.5,10
1563,85,1016,3.2,0,2.5,10
1564,84.85,1014,3.19,0,2.5,10
1565,85.05,1010,3.22,0,2.5,10
1566,84.9,1017,3.18,0,2.5,10
1567,85.05,1012,3.21,0,2.5,10
1568,84.8,1009,3.17,0,2.5,10
1569,85.1,1013,3.23,0,2.5,10
1570,84.95,1011,3.16,0,2.5,10
1571,85,1016,3.2,0,2.5,10
1572,84.85,1014,3.19,0,2.5,10
1573,85,1015,3.2,2.5,0,11
1574,85.5,1018,3.18,2.49,0.01,11
1575,86,1012,3.22,2.48,0.02,11
1576,86.5,1016,3.19,2.47,0.03,11
1577,87,1014,3.21,2.46,0.04,11
1578,87.5,1019,3.17,2.45,0.05,11
1579,88,1017,3.23,2.44,0.06,11
1580,88.5,1015,3.16,2.43,0.07,11
1581,89,1018,3.24,2.42,0.08,11
1582,89.5,1016,3.15,2.41,0.09,11
1583,90,1019,3.25,2.4,0.1,11
1584,90.5,1017,3.14,2.39,0.11,11
1585,91,1020,3.26,2.38,0.12,11
1586,91.5,1018,3.13,2.37,0.13,11
1587,92,1021,3.27,2.36,0.14,11
1588,92.5,1019,3.12,2.35,0.15,11
1589,93,1022,3.28,2.34,0.16,11
1590,93.5,1020,3.11,2.33,0.17,11
1591,94,1023,3.29,2.32,0.18,11
1592,94.5,1021,3.1,2.31,0.19,11
1593,95,1024,3.3,2.3,0.2,11
1594,95.5,1022,3.09,2.29,0.21,11
1595,96,1025,3.31,2.28,0.22,11
1596,96.5,1023,3.08,2.27,0.23,11
1597,97,1026,3.32,2.26,0.24,11
1598,97.5,1024,3.07,2.25,0.25,11
1599,98,1027,3.33,2.24,0.26,11
1600,98.5,1025,3.06,2.23,0.27,11
1601,99,1028,3.34,2.22,0.28,11
1602,99.5,1026,3.05,2.21,0.29,11
1603,100,1029,3.35,2.2,0.3,11
1604,100.5,1027,3.04,2.19,0.31,11
1605,101,1030,3.36,2.18,0.32,11
1606,101.5,1028,3.03,2.17,0.33,11
1607,102,1031,3.37,2.16,0.34,11
1608,102.5,1029,3.02,2.15,0.35,11
1609,103,1032,3.38,2.14,0.36,11
1610,103.5,1030,3.01,2.13,0.37,11
1611,104,1033,3.39,2.12,0.38,11
1612,104.5,1031,3,2.11,0.39,11
1613,105,1034,3.4,2.1,0.4,11
1614,105.5,1032,2.99,2.09,0.41,11
1615,106,1035,3.41,2.08,0.42,11
1616,106.5,1033,2.98,2.07,0.43,11
1617,107,1036,3.42,2.06,0.44,11
1618,107.5,1034,2.97,2.05,0.45,11
1619,108,1037,3.43,2.04,0.46,11
1620,108.5,1035,2.96,2.03,0.47,11
1621,109,1038,3.44,2.02,0.48,11
1622,109.5,1036,2.95,2.01,0.49,11
1623,85,1015,3.2,2.01,0.49,11
1624,84.5,1013,3.18,2,0.5,11
1625,85,1016,3.22,1.99,0.51,11
1626,84.75,1019,3.19,1.98,0.52,11
1627,85.25,1017,3.21,1.97,0.53,11
1628,84.9,1014,3.2,1.96,0.54,11
1629,85.4,1018,3.17,1.95,0.55,11
1630,84.6,1015,3.23,1.94,0.56,11
1631,85.1,1019,3.19,1.93,0.57,11
1632,84.8,1016,3.22,1.92,0.58,11
1633,85.3,1017,3.18,1.91,0.59,11
1634,84.5,1014,3.2,1.9,0.6,11
1635,85,1018,3.17,1.89,0.61,11
1636,84.7,1016,3.23,1.88,0.62,11
1637,85.2,1019,3.19,1.87,0.63,11
1638,84.9,1017,3.21,1.86,0.64,11
1639,85.4,1015,3.18,1.85,0.65,11
1640,84.6,1018,3.22,1.84,0.66,11
1641,85.1,1016,3.19,1.83,0.67,11
1642,84.8,1014,3.2,1.82,0.68,11
1643,85.3,1017,3.17,1.81,0.69,11
1644,84.5,1015,3.23,1.8,0.7,11
1645,85,1018,3.19,1.79,0.71,11
1646,84.7,1016,3.21,1.78,0.72,11
1647,85.2,1014,3.18,1.77,0.73,11
1648,84.9,1017,3.22,1.76,0.74,11
1649,85.4,1015,3.19,1.75,0.75,11
1650,84.6,1018,3.2,1.74,0.76,11
1651,85.1,1016,3.17,1.73,0.77,11
1652,84.8,1014,3.23,1.72,0.78,11
1653,85.3,1017,3.19,1.71,0.79,11
1654,84.5,1015,3.21,1.7,0.8,11
1655,85,1018,3.18,1.69,0.81,11
1656,84.7,1016,3.22,1.68,0.82,11
1657,85.2,1014,3.19,1.67,0.83,11
1658,84.9,1017,3.2,1.66,0.84,11
1659,85.4,1015,3.17,1.65,0.85,11
1660,84.6,1018,3.23,1.64,0.86,11
1661,85.1,1016,3.19,1.63,0.87,11
1662,84.8,1014,3.21,1.62,0.88,11
1663,85.3,1017,3.18,1.61,0.89,11
1664,84.5,1015,3.22,1.6,0.9,11
1665,85,1018,3.19,1.59,0.91,11
1666,84.7,1016,3.2,1.58,0.92,11
1667,85.2,1014,3.17,1.57,0.93,11
1668,84.9,1017,3.23,1.56,0.94,11
1669,85.4,1015,3.19,1.55,0.95,11
1670,84.6,1018,3.21,1.54,0.96,11
1671,85.1,1016,3.18,1.53,0.97,11
1672,84.8,1014,3.22,1.52,0.98,11
1673,85,1015,3.2,1.52,0.98,11
1674,85.5,1007,3.18,1.47,1.03,11
1675,86,1019,3.22,1.42,1.08,11
1676,86.5,1013,3.19,1.37,1.13,11
1677,87,1008,3.21,1.32,1.18,11
1678,87.5,1016,3.17,1.27,1.23,11
1679,88,1009,3.23,1.22,1.28,11
1680,88.5,1014,3.16,1.17,1.33,11
1681,89,1005,3.24,1.12,1.38,11
1682,89.5,1017,3.15,1.07,1.43,11
1683,90,1001,3.25,1.02,1.48,11
1684,90.5,1012,3.14,0.97,1.53,11
1685,91,1006,3.26,0.92,1.57,11
1686,91.5,1010,3.13,0.87,1.63,11
1687,92,1003,3.27,0.82,1.68,11
1688,92.5,1018,3.12,0.77,1.73,11
1689,93,1004,3.28,0.72,1.77,11
1690,93.5,1011,3.11,0.67,1.83,11
1691,94,1007,3.29,0.62,1.88,11
1692,94.5,1009,3.1,0.57,1.93,11
1693,95,1002,3.3,0.52,1.98,11
1694,95.5,1015,3.09,0.47,2.03,11
1695,96,1008,3.31,0.42,2.08,11
1696,96.5,1003,3.08,0.37,2.13,11
1697,97,1016,3.32,0.32,2.18,11
1698,97.5,1007,3.07,0.27,2.23,11
1699,98,1004,3.33,0.22,2.28,11
1700,98.5,1011,3.06,0.17,2.33,11
1701,99,1009,3.34,0.12,2.38,11
1702,99.5,1005,3.05,0.07,2.43,11
1703,100,1012,3.35,0.02,2.48,11
1704,100.5,1006,3.04,0,2.5,11
1705,101,1013,3.36,0,2.5,11
1706,101.5,1007,3.03,0,2.5,11
1707,102,1014,3.37,0,2.5,11
1708,102.5,1008,3.02,0,2.5,11
1709,103,1015,3.38,0,2.5,11
1710,103.5,1009,3.01,0,2.5,11
1711,104,1016,3.39,0,2.5,11
1712,104.5,1007,3,0,2.5,11
1713,105,1013,3.4,0,2.5,11
1714,105.5,1008,2.99,0,2.5,11
1715,106,1014,3.41,0,2.5,11
1716,106.5,1009,2.98,0,2.5,11
1717,107,1015,3.42,0,2.5,11
1718,107.5,1006,2.97,0,2.5,11
1719,108,1012,3.43,0,2.5,11
1720,108.5,1007,2.96,0,2.5,11
1721,109,1013,3.44,0,2.5,11
1722,109.5,1008,2.95,0,2.5,11
1723,85,1015,3.2,2.5,0,12
1724,85.5,1016,3.18,2.49,0.01,12
1725,86,1013,3.22,2.48,0.02,12
1726,86.5,1014,3.19,2.47,0.03,12
1727,87,1018,3.21,2.46,0.04,12
1728,87.5,1019,3.17,2.45,0.05,12
1729,88,1012,3.23,2.44,0.06,12
1730,88.5,1017,3.2,2.43,0.07,12
1731,89,1011,3.16,2.42,0.08,12
1732,89.5,1015,3.24,2.41,0.09,12
1733,90,1016,3.18,2.4,0.1,12
1734,90.5,1013,3.22,2.39,0.11,12
1735,91,1019,3.2,2.38,0.12,12
1736,91.5,1014,3.17,2.37,0.13,12
1737,92,1018,3.23,2.36,0.14,12
1738,92.5,1012,3.19,2.35,0.15,12
1739,93,1017,3.21,2.34,0.16,12
1740,93.5,1015,3.16,2.33,0.17,12
1741,94,1013,3.24,2.32,0.18,12
1742,94.5,1019,3.2,2.31,0.19,12
1743,95,1016,3.17,2.3,0.2,12
1744,95.5,1014,3.22,2.29,0.21,12
1745,96,1018,3.19,2.28,0.22,12
1746,96.5,1012,3.24,2.27,0.23,12
1747,97,1017,3.21,2.26,0.24,12
1748,97.5,1015,3.16,2.25,0.25,12
1749,98,1013,3.23,2.24,0.26,12
1750,98.5,1019,3.18,2.23,0.27,12
1751,99,1016,3.21,2.22,0.28,12
1752,99.5,1014,3.16,2.21,0.29,12
1753,100,1018,3.2,2.2,0.3,12
1754,100.5,1012,3.19,2.19,0.31,12
1755,101,1017,3.23,2.18,0.32,12
1756,101.5,1015,3.17,2.17,0.33,12
1757,102,1013,3.21,2.16,0.34,12
1758,102.5,1019,3.16,2.15,0.35,12
1759,103,1016,3.2,2.14,0.36,12
1760,103.5,1014,3.18,2.13,0.37,12
1761,104,1018,3.22,2.12,0.38,12
1762,104.5,1012,3.15,2.11,0.39,12
1763,105,1017,3.2,2.1,0.4,12
1764,105.5,1015,3.17,2.09,0.41,12
1765,106,1013,3.23,2.08,0.42,12
1766,106.5,1019,3.19,2.07,0.43,12
1767,107,1016,3.21,2.06,0.44,12
1768,107.5,1014,3.16,2.05,0.45,12
1769,108,1018,3.2,2.04,0.46,12
1770,108.5,1012,3.18,2.03,0.47,12
1771,109,1017,3.24,2.02,0.48,12
1772,109.5,1015,3.15,2.01,0.49,12
1773,85,1015,3.2,2.01,0.49,12
1774,85.5,1015,3.18,2,0.5,12
1775,86,1013,3.22,1.99,0.51,12
1776,86.5,1016,3.19,1.98,0.52,12
1777,87,1014,3.21,1.97,0.53,12
1778,87.5,1017,3.17,1.96,0.54,12
1779,88,1015,3.23,1.95,0.55,12
1780,88.5,1018,3.16,1.94,0.56,12
1781,89,1016,3.24,1.93,0.57,12
1782,89.5,1017,3.19,1.92,0.58,12
1783,90,1015,3.25,1.91,0.59,12
1784,90.5,1019,3.18,1.9,0.6,12
1785,91,1016,3.26,1.89,0.61,12
1786,91.5,1018,3.2,1.88,0.62,12
1787,92,1015,3.27,1.87,0.63,12
1788,92.5,1019,3.19,1.86,0.64,12
1789,93,1016,3.28,1.85,0.65,12
1790,93.5,1018,3.21,1.84,0.66,12
1791,94,1015,3.29,1.83,0.67,12
1792,94.5,1019,3.22,1.82,0.68,12
1793,95,1016,3.3,1.81,0.69,12
1794,95.5,1018,3.23,1.8,0.7,12
1795,96,1015,3.31,1.79,0.71,12
1796,96.5,1019,3.24,1.78,0.72,12
1797,97,1016,3.32,1.77,0.73,12
1798,97.5,1018,3.25,1.76,0.74,12
1799,98,1015,3.33,1.75,0.75,12
1800,98.5,1019,3.26,1.74,0.76,12
1801,99,1016,3.34,1.73,0.77,12
1802,99.5,1018,3.27,1.72,0.78,12
1803,100,1015,3.35,1.71,0.79,12
1804,100.5,1019,3.28,1.7,0.8,12
1805,101,1016,3.36,1.69,0.81,12
1806,101.5,1018,3.29,1.68,0.82,12
1807,102,1015,3.37,1.67,0.83,12
1808,102.5,1019,3.3,1.66,0.84,12
1809,103,1016,3.38,1.65,0.85,12
1810,103.5,1018,3.31,1.64,0.86,12
1811,104,1015,3.39,1.63,0.87,12
1812,104.5,1019,3.32,1.62,0.88,12
1813,105,1016,3.4,1.61,0.89,12
1814,105.5,1018,3.33,1.6,0.9,12
1815,106,1015,3.41,1.59,0.91,12
1816,106.5,1019,3.34,1.58,0.92,12
1817,107,1016,3.42,1.57,0.93,12
1818,107.5,1018,3.35,1.56,0.94,12
1819,108,1015,3.43,1.55,0.95,12
1820,108.5,1019,3.36,1.54,0.96,12
1821,109,1016,3.44,1.53,0.97,12
1822,109.5,1018,3.37,1.52,0.98,12
1823,85,1015,3.2,1.52,0.98,12
1824,84.5,1007,3.18,1.47,1.03,12
1825,85,1012,3.22,1.42,1.08,12
1826,84,1010,3.19,1.37,1.13,12
1827,83.5,1003,3.21,1.32,1.18,12
1828,85,1018,3.17,1.27,1.23,12
1829,84.5,1010,3.2,1.22,1.28,12
1830,85,1006,3.19,1.17,1.33,12
1831,84,1014,3.22,1.12,1.38,12
1832,83.5,1009,3.16,1.07,1.43,12
1833,85,1012,3.21,1.02,1.48,12
1834,84.5,1010,3.19,0.97,1.53,12
1835,85,1008,3.2,0.92,1.57,12
1836,84,1015,3.18,0.87,1.63,12
1837,83.5,1012,3.22,0.82,1.68,12
1838,85,1009,3.16,0.77,1.73,12
1839,84.5,1016,3.2,0.72,1.77,12
1840,85,1014,3.18,0.67,1.83,12
1841,84,1011,3.21,0.62,1.87,12
1842,83.5,1007,3.19,0.57,1.93,12
1843,85,1013,3.2,0.52,1.97,12
1844,84.5,1010,3.18,0.47,2.03,12
1845,85,1006,3.22,0.42,2.07,12
1846,84,1014,3.16,0.37,2.13,12
1847,83.5,1009,3.2,0.32,2.18,12
1848,85,1012,3.18,0.27,2.23,12
1849,84.5,1010,3.21,0.22,2.27,12
1850,85,1007,3.16,0.17,2.33,12
1851,84,1015,3.2,0.12,2.37,12
1852,83.5,1012,3.18,0.07,2.43,12
1853,85,1009,3.22,0.02,2.47,12
1854,84.5,1016,3.16,0,2.5,12
1855,85,1014,3.2,0,2.5,12
1856,84,1011,3.18,0,2.5,12
1857,83.5,1007,3.21,0,2.5,12
1858,85,1013,3.16,0,2.5,12
1859,84.5,1010,3.2,0,2.5,12
1860,85,1006,3.18,0,2.5,12
1861,84,1014,3.21,0,2.5,12
1862,83.5,1009,3.16,0,2.5,12
1863,85,1012,3.2,0,2.5,12
1864,84.5,1010,3.18,0,2.5,12
1865,85,1007,3.22,0,2.5,12
1866,84,1015,3.16,0,2.5,12
1867,83.5,1012,3.2,0,2.5,12
1868,85,1015,3.2,2.5,0,13
1869,84.95,1017,3.18,2.49,0.01,13
1870,85.05,1012,3.22,2.48,0.02,13
1871,84.9,1011,3.19,2.47,0.03,13
1872,85.05,1009,3.21,2.46,0.04,13
1873,84.9,1016,3.17,2.45,0.05,13
1874,85,1018,3.23,2.44,0.06,13
1875,84.95,1013,3.2,2.43,0.07,13
1876,85.05,1008,3.18,2.42,0.08,13
1877,84.9,1015,3.22,2.41,0.09,13
1878,85,1012,3.19,2.4,0.1,13
1879,84.95,1006,3.21,2.39,0.11,13
1880,85.05,1011,3.17,2.38,0.12,13
1881,84.9,1017,3.23,2.37,0.13,13
1882,85.05,1009,3.19,2.36,0.14,13
1883,84.9,1013,3.21,2.35,0.15,13
1884,85,1010,3.17,2.34,0.16,13
1885,84.95,1007,3.23,2.33,0.17,13
1886,85.05,1012,3.19,2.32,0.18,13
1887,84.9,1016,3.21,2.31,0.19,13
1888,85,1009,3.17,2.3,0.2,13
1889,84.95,1015,3.23,2.29,0.21,13
1890,85.05,1011,3.19,2.28,0.22,13
1891,84.9,1007,3.21,2.27,0.23,13
1892,85,1013,3.17,2.26,0.24,13
1893,84.95,1010,3.23,2.25,0.25,13
1894,85.05,1007,3.19,2.24,0.26,13
1895,84.9,1012,3.21,2.23,0.27,13
1896,85,1010,3.17,2.22,0.28,13
1897,84.95,1009,3.23,2.21,0.29,13
1898,85.05,1013,3.19,2.2,0.3,13
1899,84.9,1010,3.21,2.19,0.31,13
1900,85,1007,3.17,2.18,0.32,13
1901,84.95,1012,3.23,2.17,0.33,13
1902,85.05,1010,3.19,2.16,0.34,13
1903,84.9,1009,3.21,2.15,0.35,13
1904,85,1013,3.17,2.14,0.36,13
1905,84.95,1010,3.23,2.13,0.37,13
1906,85.05,1007,3.19,2.12,0.38,13
1907,84.9,1012,3.21,2.11,0.39,13
1908,85,1010,3.17,2.1,0.4,13
1909,84.95,1009,3.23,2.09,0.41,13
1910,85.05,1013,3.19,2.08,0.42,13
1911,84.9,1010,3.21,2.07,0.43,13
1912,85,1007,3.17,2.06,0.44,13
1913,84.95,1012,3.23,2.05,0.45,13
1914,85.05,1010,3.19,2.04,0.46,13
1915,84.9,1009,3.21,2.03,0.47,13
1916,85,1013,3.17,2.02,0.48,13
1917,84.95,1010,3.23,2.01,0.49,13
1918,85,1015,3.2,2.01,0.49,13
1919,84.5,1019,3.18,2,0.5,13
1920,85,1016,3.22,1.99,0.51,13
1921,84.5,1017,3.19,1.98,0.52,13
1922,85,1018,3.21,1.97,0.53,13
1923,84.5,1014,3.17,1.96,0.54,13
1924,85,1016,3.2,1.95,0.55,13
1925,84.5,1017,3.18,1.94,0.56,13
1926,85,1019,3.22,1.93,0.57,13
1927,84.5,1018,3.19,1.92,0.58,13
1928,85,1017,3.21,1.91,0.59,13
1929,84.5,1016,3.17,1.9,0.6,13
1930,85,1018,3.2,1.89,0.61,13
1931,84.5,1017,3.18,1.88,0.62,13
1932,85,1019,3.22,1.87,0.63,13
1933,84.5,1016,3.17,1.86,0.64,13
1934,85,1018,3.2,1.85,0.65,13
1935,84.5,1017,3.19,1.84,0.66,13
1936,85,1019,3.22,1.83,0.67,13
1937,84.5,1016,3.17,1.82,0.68,13
1938,85,1018,3.2,1.81,0.69,13
1939,84.5,1017,3.18,1.8,0.7,13
1940,85,1019,3.22,1.79,0.71,13
1941,84.5,1016,3.17,1.78,0.72,13
1942,85,1018,3.2,1.77,0.73,13
1943,84.5,1017,3.18,1.76,0.74,13
1944,85,1019,3.22,1.75,0.75,13
1945,84.5,1016,3.17,1.74,0.76,13
1946,85,1018,3.2,1.73,0.77,13
1947,84.5,1017,3.18,1.72,0.78,13
1948,85,1019,3.22,1.71,0.79,13
1949,84.5,1016,3.17,1.7,0.8,13
1950,85,1018,3.2,1.69,0.81,13
1951,84.5,1017,3.18,1.68,0.82,13
1952,85,1019,3.22,1.67,0.83,13
1953,84.5,1016,3.17,1.66,0.84,13
1954,85,1018,3.2,1.65,0.85,13
1955,84.5,1017,3.18,1.64,0.86,13
1956,85,1019,3.22,1.63,0.87,13
1957,84.5,1016,3.17,1.62,0.88,13
1958,85,1018,3.2,1.61,0.89,13
1959,84.5,1017,3.18,1.6,0.9,13
1960,85,1019,3.22,1.59,0.91,13
1961,84.5,1016,3.17,1.58,0.92,13
1962,85,1018,3.2,1.57,0.93,13
1963,84.5,1017,3.18,1.56,0.94,13
1964,85,1019,3.22,1.55,0.95,13
1965,84.5,1016,3.17,1.54,0.96,13
1966,85,1018,3.2,1.53,0.97,13
1967,84.5,1017,3.18,1.52,0.98,13
1968,85,1015,3.2,1.52,0.98,13
1969,84.5,1013,3.18,1.51,0.99,13
1970,85,1018,3.22,1.5,1,13
1971,84,1016,3.19,1.49,1.01,13
1972,84.5,1012,3.21,1.48,1.02,13
1973,85,1019,3.17,1.47,1.03,13
1974,84,1014,3.23,1.46,1.04,13
1975,84.5,1011,3.16,1.45,1.05,13
1976,85,1017,3.24,1.44,1.06,13
1977,84,1013,3.19,1.43,1.07,13
1978,84.5,1010,3.22,1.42,1.08,13
1979,85,1016,3.17,1.41,1.09,13
1980,84,1012,3.24,1.4,1.1,13
1981,84.5,1019,3.16,1.39,1.11,13
1982,85,1015,3.21,1.38,1.12,13
1983,84,1011,3.19,1.37,1.13,13
1984,84.5,1018,3.26,1.36,1.14,13
1985,85,1014,3.17,1.35,1.15,13
1986,84,1010,3.23,1.34,1.16,13
1987,84.5,1017,3.14,1.33,1.17,13
1988,85,1013,3.2,1.32,1.18,13
1989,84,1016,3.17,1.31,1.19,13
1990,84.5,1012,3.24,1.3,1.2,13
1991,85,1019,3.16,1.29,1.21,13
1992,84,1015,3.21,1.28,1.22,13
1993,84.5,1011,3.19,1.27,1.23,13
1994,85,1018,3.26,1.26,1.24,13
1995,84,1014,3.17,1.25,1.25,13
1996,84.5,1010,3.23,1.24,1.26,13
1997,85,1017,3.14,1.23,1.27,13
1998,84,1013,3.2,1.22,1.28,13
1999,84.5,1016,3.17,1.21,1.29,13
2000,85,1012,3.24,1.2,1.3,13
2001,84,1019,3.16,1.19,1.31,13
2002,84.5,1015,3.21,1.18,1.32,13
2003,85,1011,3.19,1.17,1.33,13
2004,84,1018,3.26,1.16,1.34,13
2005,84.5,1014,3.17,1.15,1.35,13
2006,85,1010,3.23,1.14,1.36,13
2007,84,1017,3.14,1.13,1.37,13
2008,84.5,1013,3.2,1.12,1.38,13
2009,85,1016,3.17,1.11,1.39,13
2010,84,1012,3.24,1.1,1.4,13
2011,84.5,1019,3.16,1.09,1.41,13
2012,85,1015,3.21,1.08,1.42,13
2013,84,1011,3.19,1.07,1.43,13
2014,84.5,1018,3.26,1.06,1.44,13
2015,85,1014,3.17,1.05,1.45,13
2016,84,1010,3.23,1.04,1.46,13
2017,84.5,1017,3.14,1.03,1.47,13
2018,85,1015,3.2,1.03,1.47,13
2019,85.5,1015,3.18,1.02,1.48,13
2020,86,1017,3.22,1.01,1.49,13
2021,86.5,1013,3.19,1,1.5,13
2022,87,1019,3.21,0.99,1.51,13
2023,87.5,1016,3.17,0.98,1.52,13
2024,88,1011,3.23,0.97,1.53,13
2025,88.5,1018,3.16,0.96,1.54,13
2026,89,1014,3.24,0.95,1.55,13
2027,89.5,1012,3.15,0.94,1.56,13
2028,90,1017,3.25,0.93,1.57,13
2029,90.5,1010,3.14,0.92,1.58,13
2030,91,1015,3.26,0.91,1.59,13
2031,91.5,1008,3.13,0.9,1.6,13
2032,92,1014,3.27,0.89,1.61,13
2033,92.5,1006,3.12,0.88,1.62,13
2034,93,1013,3.28,0.87,1.63,13
2035,93.5,1004,3.11,0.86,1.64,13
2036,94,1012,3.29,0.85,1.65,13
2037,94.5,1002,3.1,0.84,1.66,13
2038,95,1011,3.3,0.83,1.67,13
2039,95.5,1000,3.09,0.82,1.68,13
2040,96,1009,3.31,0.81,1.69,13
2041,96.5,998,3.08,0.8,1.7,13
2042,97,1008,3.32,0.79,1.71,13
2043,97.5,996,3.07,0.78,1.72,13
2044,98,1007,3.33,0.77,1.73,13
2045,98.5,994,3.06,0.76,1.74,13
2046,99,1006,3.34,0.75,1.75,13
2047,99.5,992,3.05,0.74,1.76,13
2048,100,1005,3.35,0.73,1.77,13
2049,100.5,990,3.04,0.72,1.78,13
2050,101,1004,3.36,0.71,1.79,13
2051,101.5,988,3.03,0.7,1.8,13
2052,102,1003,3.37,0.69,1.81,13
2053,102.5,986,3.02,0.68,1.82,13
2054,103,1002,3.38,0.67,1.83,13
2055,103.5,984,3.01,0.66,1.84,13
2056,104,1001,3.39,0.65,1.85,13
2057,104.5,982,3,0.64,1.86,13
2058,105,1000,3.4,0.63,1.87,13
2059,105.5,980,2.99,0.62,1.88,13
2060,106,999,3.41,0.61,1.89,13
2061,106.5,978,2.98,0.6,1.9,13
2062,107,998,3.42,0.59,1.91,13
2063,107.5,976,2.97,0.58,1.92,13
2064,108,997,3.43,0.57,1.93,13
2065,108.5,974,2.96,0.56,1.94,13
2066,109,996,3.44,0.55,1.95,13
2067,109.5,972,2.95,0.54,1.96,13
2068,85,1015,3.2,0.54,1.96,13
2069,85.5,1017,3.18,0.53,1.97,13
2070,86,1013,3.22,0.52,1.98,13
2071,86.5,1019,3.19,0.51,1.99,13
2072,87,1014,3.21,0.5,2,13
2073,87.5,1016,3.17,0.49,2.01,13
2074,88,1018,3.23,0.48,2.02,13
2075,88.5,1011,3.16,0.47,2.03,13
2076,89,1015,3.24,0.46,2.04,13
2077,89.5,1012,3.15,0.45,2.05,13
2078,90,1017,3.26,0.44,2.06,13
2079,90.5,1013,3.14,0.43,2.07,13
2080,91,1019,3.27,0.42,2.08,13
2081,91.5,1014,3.13,0.41,2.09,13
2082,92,1016,3.28,0.4,2.1,13
2083,92.5,1011,3.12,0.39,2.11,13
2084,93,1015,3.29,0.38,2.12,13
2085,93.5,1012,3.11,0.37,2.13,13
2086,94,1017,3.3,0.36,2.14,13
2087,94.5,1013,3.1,0.35,2.15,13
2088,95,1019,3.31,0.34,2.16,13
2089,95.5,1014,3.09,0.33,2.17,13
2090,96,1016,3.32,0.32,2.18,13
2091,96.5,1011,3.08,0.31,2.19,13
2092,97,1015,3.33,0.3,2.2,13
2093,97.5,1012,3.07,0.29,2.21,13
2094,98,1017,3.34,0.28,2.22,13
2095,98.5,1013,3.06,0.27,2.23,13
2096,99,1019,3.35,0.26,2.24,13
2097,99.5,1014,3.05,0.25,2.25,13
2098,100,1016,3.36,0.24,2.26,13
2099,100.5,1011,3.04,0.23,2.27,13
2100,101,1015,3.37,0.22,2.28,13
2101,101.5,1012,3.03,0.21,2.29,13
2102,102,1017,3.38,0.2,2.3,13
2103,102.5,1013,3.02,0.19,2.31,13
2104,103,1019,3.39,0.18,2.32,13
2105,103.5,1014,3.01,0.17,2.33,13
2106,104,1016,3.4,0.16,2.34,13
2107,104.5,1011,3,0.15,2.35,13
2108,105,1015,3.41,0.14,2.36,13
2109,105.5,1012,2.99,0.13,2.37,13
2110,106,1017,3.42,0.12,2.38,13
2111,106.5,1013,2.98,0.11,2.39,13
2112,107,1019,3.43,0.1,2.4,13
2113,107.5,1014,2.97,0.09,2.41,13
2114,108,1016,3.44,0.08,2.42,13
2115,108.5,1011,2.96,0.07,2.43,13
2116,109,1015,3.45,0.06,2.44,13
2117,109.5,1012,2.95,0.05,2.45,13
2118,85,1015,3.2,2.5,0,14
2119,85.5,1019,3.18,2.49,0.01,14
2120,85,1016,3.22,2.48,0.02,14
2121,84.5,1018,3.19,2.47,0.03,14
2122,85,1012,3.21,2.46,0.04,14
2123,84,1020,3.17,2.45,0.05,14
2124,85.5,1014,3.23,2.44,0.06,14
2125,84,1017,3.16,2.43,0.07,14
2126,85.5,1021,3.24,2.42,0.08,14
2127,84,1013,3.15,2.41,0.09,14
2128,85.5,1019,3.25,2.4,0.1,14
2129,84,1016,3.14,2.39,0.11,14
2130,85.5,1022,3.26,2.38,0.12,14
2131,84,1014,3.13,2.37,0.13,14
2132,85.5,1018,3.27,2.36,0.14,14
2133,84,1020,3.12,2.35,0.15,14
2134,85.5,1017,3.28,2.34,0.16,14
2135,84,1015,3.11,2.33,0.17,14
2136,85.5,1023,3.29,2.32,0.18,14
2137,84,1019,3.1,2.31,0.19,14
2138,85.5,1016,3.3,2.3,0.2,14
2139,84,1021,3.09,2.29,0.21,14
2140,85.5,1018,3.31,2.28,0.22,14
2141,84,1014,3.08,2.27,0.23,14
2142,85.5,1022,3.32,2.26,0.24,14
2143,84,1017,3.07,2.25,0.25,14
2144,85.5,1015,3.33,2.24,0.26,14
2145,84,1020,3.06,2.23,0.27,14
2146,85.5,1019,3.34,2.22,0.28,14
2147,84,1016,3.05,2.21,0.29,14
2148,85.5,1021,3.35,2.2,0.3,14
2149,84,1018,3.04,2.19,0.31,14
2150,85.5,1014,3.36,2.18,0.32,14
2151,84,1020,3.03,2.17,0.33,14
2152,85.5,1017,3.37,2.16,0.34,14
2153,84,1015,3.02,2.15,0.35,14
2154,85.5,1023,3.38,2.14,0.36,14
2155,84,1019,3.01,2.13,0.37,14
2156,85.5,1016,3.39,2.12,0.38,14
2157,84,1021,3,2.11,0.39,14
2158,85.5,1018,3.4,2.1,0.4,14
2159,84,1014,2.99,2.09,0.41,14
2160,85.5,1022,3.41,2.08,0.42,14
2161,84,1017,2.98,2.07,0.43,14
2162,85.5,1015,3.42,2.06,0.44,14
2163,84,1020,2.97,2.05,0.45,14
2164,85.5,1016,3.43,2.04,0.46,14
2165,84,1021,2.96,2.03,0.47,14
2166,85.5,1018,3.44,2.02,0.48,14
2167,84,1014,2.95,2.01,0.49,14
2168,85,1015,3.2,2.01,0.49,14
2169,84.5,1011,3.18,2,0.5,14
2170,85,1018,3.22,1.99,0.51,14
2171,84,1016,3.19,1.98,0.52,14
2172,83.5,1012,3.21,1.97,0.53,14
2173,85,1017,3.17,1.96,0.54,14
2174,84.5,1013,3.23,1.95,0.55,14
2175,86,1009,3.15,1.94,0.56,14
2176,85.5,1014,3.24,1.93,0.57,14
2177,85,1011,3.16,1.92,0.58,14
2178,84,1016,3.25,1.91,0.59,14
2179,83.5,1013,3.17,1.9,0.6,14
2180,86,1008,3.26,1.89,0.61,14
2181,85.5,1015,3.18,1.88,0.62,14
2182,85,1011,3.27,1.87,0.63,14
2183,84,1016,3.19,1.86,0.64,14
2184,83.5,1013,3.28,1.85,0.65,14
2185,86,1009,3.2,1.84,0.66,14
2186,85.5,1015,3.29,1.83,0.67,14
2187,85,1011,3.21,1.82,0.68,14
2188,84,1016,3.3,1.81,0.69,14
2189,83.5,1013,3.22,1.8,0.7,14
2190,86,1009,3.31,1.79,0.71,14
2191,85.5,1015,3.23,1.78,0.72,14
2192,85,1011,3.32,1.77,0.73,14
2193,84,1016,3.24,1.76,0.74,14
2194,83.5,1013,3.33,1.75,0.75,14
2195,86,1009,3.25,1.74,0.76,14
2196,85.5,1015,3.34,1.73,0.77,14
2197,85,1011,3.26,1.72,0.78,14
2198,84,1016,3.35,1.71,0.79,14
2199,83.5,1013,3.27,1.7,0.8,14
2200,86,1009,3.36,1.69,0.81,14
2201,85.5,1015,3.28,1.68,0.82,14
2202,85,1011,3.37,1.67,0.83,14
2203,84,1016,3.29,1.66,0.84,14
2204,83.5,1013,3.38,1.65,0.85,14
2205,86,1009,3.3,1.64,0.86,14
2206,85.5,1015,3.39,1.63,0.87,14
2207,85,1011,3.31,1.62,0.88,14
2208,84,1016,3.4,1.61,0.89,14
2209,83.5,1013,3.32,1.6,0.9,14
2210,86,1009,3.41,1.59,0.91,14
2211,85.5,1015,3.33,1.58,0.92,14
2212,85,1011,3.42,1.57,0.93,14
2213,84,1016,3.34,1.56,0.94,14
2214,83.5,1013,3.43,1.55,0.95,14
2215,86,1009,3.35,1.54,0.96,14
2216,85.5,1015,3.44,1.53,0.97,14
2217,85,1011,3.36,1.52,0.98,14
2218,85,1015,3.2,1.52,0.98,14
2219,84.5,1007,3.18,1.47,1.03,14
2220,85,1012,3.22,1.42,1.08,14
2221,84,1019,3.16,1.37,1.13,14
2222,85.5,1003,3.24,1.32,1.18,14
2223,84,1016,3.19,1.27,1.23,14
2224,85.5,1009,3.21,1.22,1.28,14
2225,84,1012,3.17,1.17,1.33,14
2226,85,1006,3.23,1.12,1.38,14
2227,84.5,1019,3.15,1.07,1.43,14
2228,85,1003,3.2,1.02,1.48,14
2229,84.5,1016,3.18,0.97,1.53,14
2230,85,1009,3.22,0.92,1.57,14
2231,84,1012,3.16,0.87,1.63,14
2232,85.5,1006,3.24,0.82,1.68,14
2233,84,1019,3.19,0.77,1.73,14
2234,85.5,1003,3.21,0.72,1.77,14
2235,84,1016,3.17,0.67,1.83,14
2236,85,1009,3.23,0.62,1.87,14
2237,84.5,1012,3.15,0.57,1.93,14
2238,85,1006,3.2,0.52,1.97,14
2239,84.5,1019,3.18,0.47,2.03,14
2240,85,1003,3.22,0.42,2.07,14
2241,84,1016,3.16,0.37,2.13,14
2242,85.5,1009,3.24,0.32,2.17,14
2243,84,1012,3.19,0.27,2.23,14
2244,85,1006,3.21,0.22,2.27,14
2245,84.5,1019,3.17,0.17,2.33,14
2246,85,1003,3.23,0.12,2.37,14
2247,84,1016,3.15,0.07,2.43,14
2248,85.5,1009,3.2,0.02,2.47,14
2249,84,1012,3.18,0.02,2.5,14
2250,85,1006,3.22,0.02,2.5,14
2251,84.5,1019,3.16,0.02,2.5,14
2252,85,1003,3.24,0.02,2.5,14
2253,84,1016,3.19,0.02,2.5,14
2254,85.5,1009,3.21,0.02,2.5,14
2255,84,1012,3.17,0.02,2.5,14
2256,85,1006,3.23,0.02,2.5,14
2257,84.5,1019,3.15,0.02,2.5,14
2258,85,1003,3.2,0.02,2.5,14
2259,84,1016,3.18,0.02,2.5,14
2260,85.5,1009,3.22,0.02,2.5,14
2261,84,1012,3.16,0.02,2.5,14
2262,85,1006,3.24,0.02,2.5,14
2263,84.5,1019,3.19,0.02,2.5,14
2264,85,1003,3.21,0.02,2.5,14
2265,84,1016,3.17,0.02,2.5,14
2266,85.5,1009,3.23,0.02,2.5,14
2267,84,1012,3.15,0.02,2.5,14
2268,85,1015,3.2,2.5,0,15
2269,84.5,1017,3.18,2.49,0.01,15
2270,85,1016,3.22,2.48,0.02,15
2271,85.5,1014,3.19,2.47,0.03,15
2272,86,1013,3.21,2.46,0.04,15
2273,86.5,1012,3.17,2.45,0.05,15
2274,87,1011,3.23,2.44,0.06,15
2275,87.5,1010,3.15,2.43,0.07,15
2276,88,1009,3.24,2.42,0.08,15
2277,88.5,1008,3.16,2.41,0.09,15
2278,89,1007,3.25,2.4,0.1,15
2279,89.5,1006,3.17,2.39,0.11,15
2280,90,1005,3.26,2.38,0.12,15
2281,90.5,1004,3.18,2.37,0.13,15
2282,91,1003,3.27,2.36,0.14,15
2283,91.5,1002,3.19,2.35,0.15,15
2284,92,1001,3.28,2.34,0.16,15
2285,92.5,1000,3.2,2.33,0.17,15
2286,93,999,3.29,2.32,0.18,15
2287,93.5,998,3.21,2.31,0.19,15
2288,94,997,3.3,2.3,0.2,15
2289,94.5,996,3.22,2.29,0.21,15
2290,95,995,3.31,2.28,0.22,15
2291,95.5,994,3.23,2.27,0.23,15
2292,96,993,3.32,2.26,0.24,15
2293,96.5,992,3.24,2.25,0.25,15
2294,97,991,3.33,2.24,0.26,15
2295,97.5,990,3.25,2.23,0.27,15
2296,98,989,3.34,2.22,0.28,15
2297,98.5,988,3.26,2.21,0.29,15
2298,99,987,3.35,2.2,0.3,15
2299,99.5,986,3.27,2.19,0.31,15
2300,100,985,3.36,2.18,0.32,15
2301,100.5,984,3.28,2.17,0.33,15
2302,101,983,3.37,2.16,0.34,15
2303,101.5,982,3.29,2.15,0.35,15
2304,102,981,3.38,2.14,0.36,15
2305,102.5,980,3.3,2.13,0.37,15
2306,103,979,3.39,2.12,0.38,15
2307,103.5,978,3.31,2.11,0.39,15
2308,104,977,3.4,2.1,0.4,15
2309,104.5,976,3.32,2.09,0.41,15
2310,105,975,3.41,2.08,0.42,15
2311,105.5,974,3.33,2.07,0.43,15
2312,106,973,3.42,2.06,0.44,15
2313,106.5,972,3.34,2.05,0.45,15
2314,107,971,3.43,2.04,0.46,15
2315,107.5,970,3.35,2.03,0.47,15
2316,108,969,3.44,2.02,0.48,15
2317,108.5,968,3.36,2.01,0.49,15
2318,85,1015,3.2,2.01,0.49,15
2319,84.5,1012,3.18,2,0.5,15
2320,85,1017,3.22,1.99,0.51,15
2321,84.9,1013,3.2,1.98,0.52,15
2322,85.4,1019,3.19,1.97,0.53,15
2323,85.1,1016,3.21,1.96,0.54,15
2324,84.7,1009,3.17,1.95,0.55,15
2325,85.3,1014,3.23,1.94,0.56,15
2326,85,1018,3.2,1.93,0.57,15
2327,84.6,1011,3.18,1.92,0.58,15
2328,85.2,1015,3.22,1.91,0.59,15
2329,84.9,1013,3.2,1.9,0.6,15
2330,85.4,1017,3.19,1.89,0.61,15
2331,85.1,1016,3.21,1.88,0.62,15
2332,84.7,1009,3.17,1.87,0.63,15
2333,85.3,1014,3.23,1.86,0.64,15
2334,85,1018,3.2,1.85,0.65,15
2335,84.6,1011,3.18,1.84,0.66,15
2336,85.2,1015,3.22,1.83,0.67,15
2337,84.9,1013,3.2,1.82,0.68,15
2338,85.4,1017,3.19,1.81,0.69,15
2339,85.1,1016,3.21,1.8,0.7,15
2340,84.7,1009,3.17,1.79,0.71,15
2341,85.3,1014,3.23,1.78,0.72,15
2342,85,1018,3.2,1.77,0.73,15
2343,84.6,1011,3.18,1.76,0.74,15
2344,85.2,1015,3.22,1.75,0.75,15
2345,84.9,1013,3.2,1.74,0.76,15
2346,85.4,1017,3.19,1.73,0.77,15
2347,85.1,1016,3.21,1.72,0.78,15
2348,84.7,1009,3.17,1.71,0.79,15
2349,85.3,1014,3.23,1.7,0.8,15
2350,85,1018,3.2,1.69,0.81,15
2351,84.6,1011,3.18,1.68,0.82,15
2352,85.2,1015,3.22,1.67,0.83,15
2353,84.9,1013,3.2,1.66,0.84,15
2354,85.4,1017,3.19,1.65,0.85,15
2355,85.1,1016,3.21,1.64,0.86,15
2356,84.7,1009,3.17,1.63,0.87,15
2357,85.3,1014,3.23,1.62,0.88,15
2358,85,1018,3.2,1.61,0.89,15
2359,84.6,1011,3.18,1.6,0.9,15
2360,85.2,1015,3.22,1.59,0.91,15
2361,84.9,1013,3.2,1.58,0.92,15
2362,85.4,1017,3.19,1.57,0.93,15
2363,85.1,1016,3.21,1.56,0.94,15
2364,84.7,1009,3.17,1.55,0.95,15
2365,85.3,1014,3.23,1.54,0.96,15
2366,85,1018,3.2,1.53,0.97,15
2367,84.6,1011,3.18,1.52,0.98,15
2368,85,1015,3.2,1.52,0.98,15
2369,85.5,1012,3.18,1.51,0.99,15
2370,86,1017,3.22,1.5,1,15
2371,86.5,1014,3.19,1.49,1.01,15
2372,87,1016,3.21,1.48,1.02,15
2373,87.5,1013,3.17,1.47,1.03,15
2374,88,1018,3.23,1.46,1.04,15
2375,88.5,1015,3.2,1.45,1.05,15
2376,89,1019,3.22,1.44,1.06,15
2377,89.5,1017,3.19,1.43,1.07,15
2378,90,1014,3.21,1.42,1.08,15
2379,90.5,1016,3.24,1.41,1.09,15
2380,91,1013,3.2,1.4,1.1,15
2381,91.5,1018,3.23,1.39,1.11,15
2382,92,1015,3.19,1.38,1.12,15
2383,92.5,1017,3.21,1.37,1.13,15
2384,93,1014,3.24,1.36,1.14,15
2385,93.5,1016,3.2,1.35,1.15,15
2386,94,1018,3.22,1.34,1.16,15
2387,94.5,1015,3.18,1.33,1.17,15
2388,95,1017,3.2,1.32,1.18,15
2389,95.5,1014,3.23,1.31,1.19,15
2390,96,1016,3.19,1.3,1.2,15
2391,96.5,1018,3.21,1.29,1.21,15
2392,97,1015,3.24,1.28,1.22,15
2393,97.5,1017,3.19,1.27,1.23,15
2394,98,1014,3.22,1.26,1.24,15
2395,98.5,1016,3.2,1.25,1.25,15
2396,99,1018,3.23,1.24,1.26,15
2397,99.5,1015,3.18,1.23,1.27,15
2398,100,1017,3.21,1.22,1.28,15
2399,100.5,1014,3.24,1.21,1.29,15
2400,101,1016,3.19,1.2,1.3,15
2401,101.5,1018,3.22,1.19,1.31,15
2402,102,1015,3.18,1.18,1.32,15
2403,102.5,1017,3.21,1.17,1.33,15
2404,103,1014,3.24,1.16,1.34,15
2405,103.5,1016,3.19,1.15,1.35,15
2406,104,1018,3.22,1.14,1.36,15
2407,104.5,1015,3.18,1.13,1.37,15
2408,105,1017,3.21,1.12,1.38,15
2409,105.5,1014,3.24,1.11,1.39,15
2410,106,1016,3.19,1.1,1.4,15
2411,106.5,1018,3.22,1.09,1.41,15
2412,107,1015,3.18,1.08,1.42,15
2413,107.5,1017,3.21,1.07,1.43,15
2414,108,1014,3.24,1.06,1.44,15
2415,108.5,1016,3.19,1.05,1.45,15
2416,109,1018,3.22,1.04,1.46,15
2417,109.5,1015,3.18,1.03,1.47,15
2418,85,1015,3.2,1.03,1.47,15
2419,84.95,1012,3.18,1.02,1.48,15
2420,85.1,1017,3.22,1.01,1.49,15
2421,85.05,1013,3.19,1,1.5,15
2422,85.15,1019,3.23,0.99,1.51,15
2423,84.9,1016,3.21,0.98,1.52,15
2424,85.05,1011,3.17,0.97,1.53,15
2425,85.2,1018,3.24,0.96,1.54,15
2426,84.95,1014,3.2,0.95,1.55,15
2427,85.1,1012,3.18,0.94,1.56,15
2428,85.05,1019,3.22,0.93,1.57,15
2429,84.9,1016,3.2,0.92,1.58,15
2430,85.05,1013,3.18,0.91,1.59,15
2431,85.2,1017,3.23,0.9,1.6,15
2432,84.95,1014,3.21,0.89,1.61,15
2433,85.1,1011,3.19,0.88,1.62,15
2434,85.05,1018,3.24,0.87,1.63,15
2435,84.9,1015,3.22,0.86,1.64,15
2436,85.05,1012,3.17,0.85,1.65,15
2437,85.2,1019,3.21,0.84,1.66,15
2438,84.95,1016,3.19,0.83,1.67,15
2439,85.1,1013,3.24,0.82,1.68,15
2440,85.05,1010,3.22,0.81,1.69,15
2441,84.9,1017,3.17,0.8,1.7,15
2442,85.05,1014,3.21,0.79,1.71,15
2443,85.2,1011,3.2,0.78,1.72,15
2444,84.95,1018,3.16,0.77,1.73,15
2445,85.1,1015,3.19,0.76,1.74,15
2446,85.05,1012,3.23,0.75,1.75,15
2447,84.9,1019,3.2,0.74,1.76,15
2448,85.05,1016,3.17,0.73,1.77,15
2449,85.2,1013,3.21,0.72,1.78,15
2450,84.95,1010,3.18,0.71,1.79,15
2451,85.1,1017,3.24,0.7,1.8,15
2452,85.05,1014,3.21,0.69,1.81,15
2453,84.9,1011,3.17,0.68,1.82,15
2454,85.05,1018,3.2,0.67,1.83,15
2455,84.9,1015,3.16,0.66,1.84,15
2456,85.05,1012,3.19,0.65,1.85,15
2457,85.2,1019,3.22,0.64,1.86,15
2458,84.95,1016,3.19,0.63,1.87,15
2459,85.1,1013,3.24,0.62,1.88,15
2460,85.05,1010,3.21,0.61,1.89,15
2461,84.9,1017,3.17,0.6,1.9,15
2462,85.05,1014,3.2,0.59,1.91,15
2463,85.2,1011,3.16,0.58,1.92,15
2464,84.95,1018,3.19,0.57,1.93,15
2465,85.1,1015,3.22,0.56,1.94,15
2466,85.05,1012,3.19,0.55,1.95,15
2467,84.9,1019,3.24,0.54,1.96,15
2468,85,1015,3.2,0.54,1.96,15
2469,84.5,1013,3.18,0.53,1.97,15
2470,85.2,1019,3.19,0.52,1.98,15
2471,84.7,1011,3.21,0.51,1.99,15
2472,85.4,1017,3.2,0.5,2,15
2473,84.9,1008,3.17,0.49,2.01,15
2474,85.6,1014,3.18,0.48,2.02,15
2475,85.1,1005,3.2,0.47,2.03,15
2476,85.8,1011,3.19,0.46,2.04,15
2477,85.3,1007,3.21,0.45,2.05,15
2478,85.9,1013,3.18,0.44,2.06,15
2479,85.4,1009,3.2,0.43,2.07,15
2480,86,1015,3.17,0.42,2.08,15
2481,85.5,1006,3.21,0.41,2.09,15
2482,86.1,1012,3.19,0.4,2.1,15
2483,85.6,1008,3.2,0.39,2.11,15
2484,86.2,1014,3.18,0.38,2.12,15
2485,85.7,1009,3.21,0.37,2.13,15
2486,86.3,1011,3.19,0.36,2.14,15
2487,85.8,1006,3.2,0.35,2.15,15
2488,86.4,1013,3.17,0.34,2.16,15
2489,85.9,1008,3.21,0.33,2.17,15
2490,86.5,1010,3.19,0.32,2.18,15
2491,86,1005,3.2,0.31,2.19,15
2492,86.6,1012,3.17,0.3,2.2,15
2493,86.1,1007,3.21,0.29,2.21,15
2494,86.7,1014,3.19,0.28,2.22,15
2495,86.2,1009,3.2,0.27,2.23,15
2496,86.8,1011,3.17,0.26,2.24,15
2497,86.3,1006,3.21,0.25,2.25,15
2498,86.9,1013,3.19,0.24,2.26,15
2499,86.4,1008,3.2,0.23,2.27,15
2500,87,1010,3.17,0.22,2.28,15
2501,86.5,1005,3.21,0.21,2.29,15
2502,87.1,1012,3.19,0.2,2.3,15
2503,86.6,1007,3.2,0.19,2.31,15
2504,87.2,1014,3.17,0.18,2.32,15
2505,86.7,1009,3.21,0.17,2.33,15
2506,87.3,1011,3.19,0.16,2.34,15
2507,86.8,1006,3.2,0.15,2.35,15
2508,87.4,1013,3.17,0.14,2.36,15
2509,86.9,1008,3.21,0.13,2.37,15
2510,87.5,1010,3.19,0.12,2.38,15
2511,87,1005,3.2,0.11,2.39,15
2512,87.6,1012,3.17,0.1,2.4,15
2513,87.1,1007,3.21,0.09,2.41,15
2514,87.7,1014,3.19,0.08,2.42,15
2515,87.2,1009,3.2,0.07,2.43,15
2516,87.8,1011,3.17,0.06,2.44,15
2517,87.3,1006,3.21,0.05,2.45,15
2518,85,1015,3.2,2.5,0,16
2519,85.5,1017,3.18,2.49,0.01,16
2520,86,1012,3.22,2.48,0.02,16
2521,86.5,1019,3.19,2.47,0.03,16
2522,87,1013,3.21,2.46,0.04,16
2523,87.5,1018,3.17,2.45,0.05,16
2524,88,1014,3.23,2.44,0.06,16
2525,88.5,1016,3.19,2.43,0.07,16
2526,89,1011,3.22,2.42,0.08,16
2527,89.5,1015,3.18,2.41,0.09,16
2528,90,1017,3.21,2.4,0.1,16
2529,90.5,1013,3.17,2.39,0.11,16
2530,91,1019,3.2,2.38,0.12,16
2531,91.5,1014,3.16,2.37,0.13,16
2532,92,1018,3.19,2.36,0.14,16
2533,92.5,1012,3.22,2.35,0.15,16
2534,93,1016,3.18,2.34,0.16,16
2535,93.5,1011,3.21,2.33,0.17,16
2536,94,1015,3.17,2.32,0.18,16
2537,94.5,1013,3.2,2.31,0.19,16
2538,95,1017,3.16,2.3,0.2,16
2539,95.5,1014,3.19,2.29,0.21,16
2540,96,1018,3.14,2.28,0.22,16
2541,96.5,1012,3.17,2.27,0.23,16
2542,97,1016,3.11,2.26,0.24,16
2543,97.5,1011,3.14,2.25,0.25,16
2544,98,1015,3.08,2.24,0.26,16
2545,98.5,1013,3.11,2.23,0.27,16
2546,99,1017,3.05,2.22,0.28,16
2547,99.5,1014,3.08,2.21,0.29,16
2548,100,1018,3.02,2.2,0.3,16
2549,100.5,1012,3.05,2.19,0.31,16
2550,101,1016,2.99,2.18,0.32,16
2551,101.5,1011,3.02,2.17,0.33,16
2552,102,1015,2.96,2.16,0.34,16
2553,102.5,1013,2.99,2.15,0.35,16
2554,103,1017,2.93,2.14,0.36,16
2555,103.5,1014,2.96,2.13,0.37,16
2556,104,1018,2.89,2.12,0.38,16
2557,104.5,1012,2.92,2.11,0.39,16
2558,105,1016,2.86,2.1,0.4,16
2559,105.5,1011,2.89,2.09,0.41,16
2560,106,1015,2.83,2.08,0.42,16
2561,106.5,1013,2.86,2.07,0.43,16
2562,107,1017,2.79,2.06,0.44,16
2563,107.5,1014,2.82,2.05,0.45,16
2564,108,1018,2.76,2.04,0.46,16
2565,108.5,1012,2.79,2.03,0.47,16
2566,109,1016,2.73,2.02,0.48,16
2567,109.5,1011,2.76,2.01,0.49,16
2568,85,1015,3.2,2.01,0.49,16
2569,84.95,1007,3.18,2,0.5,16
2570,85.05,1019,3.22,1.99,0.51,16
2571,84.9,1013,3.19,1.98,0.52,16
2572,85.05,1005,3.21,1.97,0.53,16
2573,84.9,1017,3.17,1.96,0.54,16
2574,85,1009,3.23,1.95,0.55,16
2575,84.95,1011,3.16,1.94,0.56,16
2576,85,1023,3.24,1.93,0.57,16
2577,84.9,1008,3.18,1.92,0.58,16
2578,85.05,1014,3.22,1.91,0.59,16
2579,84.9,1002,3.19,1.9,0.6,16
2580,85,1016,3.21,1.89,0.61,16
2581,84.95,1007,3.17,1.88,0.62,16
2582,85.05,1021,3.23,1.87,0.63,16
2583,84.9,1005,3.16,1.86,0.64,16
2584,85,1018,3.24,1.85,0.65,16
2585,84.9,1009,3.18,1.84,0.66,16
2586,85.05,1013,3.22,1.83,0.67,16
2587,84.9,1001,3.19,1.82,0.68,16
2588,85,1017,3.21,1.81,0.69,16
2589,84.9,1006,3.17,1.8,0.7,16
2590,85.05,1020,3.23,1.79,0.71,16
2591,84.9,1008,3.16,1.78,0.72,16
2592,85,1014,3.24,1.77,0.73,16
2593,84.9,1003,3.18,1.76,0.74,16
2594,85.05,1019,3.22,1.75,0.75,16
2595,84.9,1007,3.19,1.74,0.76,16
2596,85.05,1011,3.21,1.73,0.77,16
2597,84.9,1004,3.17,1.72,0.78,16
2598,85,1016,3.23,1.71,0.79,16
2599,84.9,1009,3.16,1.7,0.8,16
2600,85.05,1012,3.24,1.69,0.81,16
2601,84.9,1006,3.18,1.68,0.82,16
2602,85,1018,3.21,1.67,0.83,16
2603,84.9,1003,3.17,1.66,0.84,16
2604,85,1015,3.23,1.65,0.85,16
2605,84.9,1007,3.16,1.64,0.86,16
2606,85.05,1011,3.24,1.63,0.87,16
2607,84.9,1004,3.18,1.62,0.88,16
2608,85,1017,3.21,1.61,0.89,16
2609,84.9,1009,3.17,1.6,0.9,16
2610,85.05,1013,3.23,1.59,0.91,16
2611,84.9,1006,3.16,1.58,0.92,16
2612,85,1015,3.24,1.57,0.93,16
2613,84.9,1007,3.18,1.56,0.94,16
2614,85.05,1011,3.21,1.55,0.95,16
2615,84.9,1004,3.17,1.54,0.96,16
2616,85,1017,3.23,1.53,0.97,16
2617,84.9,1009,3.16,1.52,0.98,16
2618,85,1015,3.2,1.52,0.98,16
2619,84.95,1011,3.18,1.51,0.99,16
2620,85.1,1018,3.22,1.5,1,16
2621,85.05,1013,3.19,1.49,1.01,16
2622,84.9,1019,3.21,1.48,1.02,16
2623,85.05,1015,3.17,1.47,1.03,16
2624,84.9,1017,3.2,1.46,1.04,16
2625,85.05,1012,3.18,1.45,1.05,16
2626,84.9,1014,3.2,1.44,1.06,16
2627,85,1019,3.19,1.43,1.07,16
2628,84.95,1016,3.21,1.42,1.08,16
2629,85.1,1013,3.18,1.41,1.09,16
2630,85.05,1017,3.2,1.4,1.1,16
2631,84.9,1014,3.19,1.39,1.11,16
2632,85,1018,3.21,1.38,1.12,16
2633,84.95,1015,3.17,1.37,1.13,16
2634,85.05,1012,3.2,1.36,1.14,16
2635,84.9,1017,3.18,1.35,1.15,16
2636,85.05,1014,3.21,1.34,1.16,16
2637,84.9,1019,3.19,1.33,1.17,16
2638,85.05,1016,3.2,1.32,1.18,16
2639,84.9,1013,3.17,1.31,1.19,16
2640,85.05,1017,3.2,1.3,1.2,16
2641,84.9,1014,3.18,1.29,1.21,16
2642,85.05,1019,3.21,1.28,1.22,16
2643,84.9,1015,3.17,1.27,1.23,16
2644,85.05,1012,3.2,1.26,1.24,16
2645,84.9,1017,3.18,1.25,1.25,16
2646,85.05,1014,3.21,1.24,1.26,16
2647,84.9,1019,3.19,1.23,1.27,16
2648,85.05,1016,3.2,1.22,1.28,16
2649,84.9,1013,3.17,1.21,1.29,16
2650,85.05,1017,3.2,1.2,1.3,16
2651,84.9,1014,3.18,1.19,1.31,16
2652,85.05,1019,3.21,1.18,1.32,16
2653,84.9,1015,3.17,1.17,1.33,16
2654,85.05,1012,3.2,1.16,1.34,16
2655,84.9,1017,3.18,1.15,1.35,16
2656,85.05,1014,3.21,1.14,1.36,16
2657,84.9,1019,3.17,1.13,1.37,16
2658,85.05,1016,3.2,1.12,1.38,16
2659,84.9,1013,3.19,1.11,1.39,16
2660,85.05,1017,3.21,1.1,1.4,16
2661,84.9,1014,3.18,1.09,1.41,16
2662,85.05,1019,3.2,1.08,1.42,16
2663,84.9,1015,3.17,1.07,1.43,16
2664,85.05,1012,3.2,1.06,1.44,16
2665,84.9,1017,3.18,1.05,1.45,16
2666,85.05,1014,3.21,1.04,1.46,16
2667,84.9,1019,3.17,1.03,1.47,16
2668,85,1015,3.2,1.03,1.47,16
2669,84.5,1018,3.18,1.02,1.48,16
2670,85,1010,3.22,1.01,1.49,16
2671,84.75,1013,3.19,1,1.5,16
2672,85.25,1016,3.21,0.99,1.51,16
2673,85.5,1014,3.17,0.98,1.52,16
2674,85.75,1012,3.23,0.97,1.53,16
2675,86,1011,3.2,0.96,1.54,16
2676,86.25,1009,3.18,0.95,1.55,16
2677,86.5,1017,3.22,0.94,1.56,16
2678,86.75,1015,3.19,0.93,1.57,16
2679,87,1013,3.23,0.92,1.58,16
2680,87.25,1011,3.2,0.91,1.59,16
2681,87.5,1009,3.18,0.9,1.6,16
2682,87.75,1017,3.22,0.89,1.61,16
2683,88,1015,3.19,0.88,1.62,16
2684,88.25,1013,3.23,0.87,1.63,16
2685,88.5,1011,3.2,0.86,1.64,16
2686,88.75,1009,3.18,0.85,1.65,16
2687,89,1017,3.22,0.84,1.66,16
2688,89.25,1015,3.19,0.83,1.67,16
2689,89.5,1013,3.23,0.82,1.68,16
2690,89.75,1011,3.2,0.81,1.69,16
2691,90,1009,3.18,0.8,1.7,16
2692,90.25,1017,3.22,0.79,1.71,16
2693,90.5,1015,3.19,0.78,1.72,16
2694,90.75,1013,3.23,0.77,1.73,16
2695,91,1011,3.2,0.76,1.74,16
2696,91.25,1009,3.18,0.75,1.75,16
2697,91.5,1017,3.22,0.74,1.76,16
2698,91.75,1015,3.19,0.73,1.77,16
2699,92,1013,3.23,0.72,1.78,16
2700,92.25,1011,3.2,0.71,1.79,16
2701,92.5,1009,3.18,0.7,1.8,16
2702,92.75,1017,3.22,0.69,1.81,16
2703,93,1015,3.19,0.68,1.82,16
2704,93.25,1013,3.23,0.67,1.83,16
2705,93.5,1011,3.2,0.66,1.84,16
2706,93.75,1009,3.18,0.65,1.85,16
2707,94,1017,3.22,0.64,1.86,16
2708,94.25,1015,3.19,0.63,1.87,16
2709,94.5,1013,3.23,0.62,1.88,16
2710,94.75,1011,3.2,0.61,1.89,16
2711,95,1009,3.18,0.6,1.9,16
2712,95.25,1017,3.22,0.59,1.91,16
2713,95.5,1015,3.19,0.58,1.92,16
2714,95.75,1013,3.23,0.57,1.93,16
2715,96,1011,3.2,0.56,1.94,16
2716,96.25,1009,3.18,0.55,1.95,16
2717,96.5,1017,3.22,0.54,1.96,16
2718,85,1015,3.2,0.54,1.96,16
2719,85.5,1007,3.18,0.53,1.97,16
2720,85,1013,3.22,0.52,1.98,16
2721,84.5,1009,3.19,0.51,1.99,16
2722,85,1010,3.21,0.5,2,16
2723,84,1016,3.17,0.49,2.01,16
2724,85.5,1003,3.23,0.48,2.02,16
2725,85,1011,3.19,0.47,2.03,16
2726,84.5,1008,3.2,0.46,2.04,16
2727,85,1014,3.18,0.45,2.05,16
2728,84,1006,3.22,0.44,2.06,16
2729,85.5,1019,3.16,0.43,2.07,16
2730,85,1002,3.24,0.42,2.08,16
2731,84.5,1017,3.19,0.41,2.09,16
2732,85,1005,3.21,0.4,2.1,16
2733,84,1013,3.17,0.39,2.11,16
2734,85.5,1009,3.23,0.38,2.12,16
2735,85,1011,3.19,0.37,2.13,16
2736,84.5,1007,3.2,0.36,2.14,16
2737,85,1015,3.18,0.35,2.15,16
2738,84,1004,3.22,0.34,2.16,16
2739,85.5,1018,3.16,0.33,2.17,16
2740,85,1001,3.24,0.32,2.18,16
2741,84.5,1016,3.19,0.31,2.19,16
2742,85,1008,3.21,0.3,2.2,16
2743,84,1003,3.17,0.29,2.21,16
2744,85.5,1014,3.23,0.28,2.22,16
2745,85,1006,3.19,0.27,2.23,16
2746,84.5,1011,3.2,0.26,2.24,16
2747,85,1009,3.18,0.25,2.25,16
2748,84,1017,3.22,0.24,2.26,16
2749,85.5,1002,3.16,0.23,2.27,16
2750,85,1015,3.24,0.22,2.28,16
2751,84.5,1005,3.19,0.21,2.29,16
2752,85,1013,3.21,0.2,2.3,16
2753,84,1008,3.17,0.19,2.31,16
2754,85.5,1011,3.23,0.18,2.32,16
2755,85,1007,3.19,0.17,2.33,16
2756,84.5,1016,3.2,0.16,2.34,16
2757,85,1004,3.18,0.15,2.35,16
2758,84,1012,3.22,0.14,2.36,16
2759,85.5,1009,3.16,0.13,2.37,16
2760,85,1018,3.24,0.12,2.38,16
2761,84.5,1001,3.19,0.11,2.39,16
2762,85,1015,3.21,0.1,2.4,16
2763,84,1006,3.17,0.09,2.41,16
2764,85.5,1013,3.23,0.08,2.42,16
2765,85,1008,3.19,0.07,2.43,16
2766,84.5,1011,3.2,0.06,2.44,16
2767,85,1005,3.18,0.05,2.45,16
2768,85,1015,3.2,2.5,0,17
2769,85.5,1014,3.18,2.5,0.01,17
2770,86,1017,3.22,2.49,0.01,17
2771,86.5,1016,3.19,2.48,0.01,17
2772,87,1019,3.21,2.48,0.02,17
2773,87.5,1013,3.17,2.48,0.03,17
2774,88,1018,3.23,2.47,0.03,17
2775,88.5,1012,3.16,2.46,0.04,17
2776,89,1015,3.24,2.46,0.04,17
2777,89.5,1011,3.18,2.46,0.04,17
2778,90,1014,3.26,2.45,0.05,17
2779,90.5,1010,3.2,2.44,0.06,17
2780,91,1013,3.22,2.44,0.06,17
2781,91.5,1008,3.14,2.44,0.07,17
2782,92,1011,3.25,2.43,0.07,17
2783,92.5,1007,3.17,2.42,0.07,17
2784,93,1010,3.28,2.42,0.08,17
2785,93.5,1006,3.19,2.42,0.09,17
2786,94,1009,3.3,2.41,0.09,17
2787,94.5,1005,3.22,2.4,0.1,17
2788,95,1008,3.32,2.4,0.1,17
2789,95.5,1004,3.24,2.4,0.1,17
2790,96,1007,3.34,2.39,0.11,17
2791,96.5,1003,3.26,2.38,0.12,17
2792,97,1006,3.36,2.38,0.12,17
2793,97.5,1002,3.28,2.38,0.12,17
2794,98,1005,3.38,2.37,0.13,17
2795,98.5,1001,3.3,2.37,0.14,17
2796,99,1004,3.4,2.36,0.14,17
2797,99.5,1000,3.42,2.35,0.14,17
2798,100,1003,3.44,2.35,0.15,17
2799,100.5,999,3.46,2.35,0.15,17
2800,101,1002,3.48,2.34,0.16,17
2801,101.5,998,3.5,2.33,0.17,17
2802,102,1001,3.52,2.33,0.17,17
2803,102.5,997,3.54,2.33,0.17,17
2804,103,1000,3.56,2.32,0.18,17
2805,103.5,996,3.58,2.31,0.18,17
2806,104,999,3.6,2.31,0.19,17
2807,104.5,995,3.62,2.31,0.2,17
2808,105,998,3.64,2.3,0.2,17
2809,105.5,994,3.66,2.29,0.2,17
2810,106,997,3.68,2.29,0.21,17
2811,106.5,993,3.7,2.29,0.21,17
2812,107,996,3.72,2.28,0.22,17
2813,107.5,992,3.74,2.27,0.23,17
2814,108,995,3.76,2.27,0.23,17
2815,108.5,991,3.78,2.27,0.23,17
2816,109,994,3.8,2.26,0.24,17
2817,109.5,990,3.82,2.25,0.24,17
2818,85,1015,3.2,2.25,0.24,17
2819,85.5,1007,3.18,2.24,0.25,17
2820,86,1010,3.22,2.23,0.26,17
2821,86.5,1019,3.21,2.22,0.27,17
2822,87,1013,3.19,2.21,0.28,17
2823,87.5,1004,3.23,2.2,0.29,17
2824,88,1018,3.17,2.19,0.3,17
2825,88.5,1010,3.24,2.18,0.31,17
2826,89,1008,3.16,2.17,0.32,17
2827,89.5,1014,3.25,2.16,0.33,17
2828,90,1009,3.15,2.15,0.34,17
2829,90.5,1016,3.26,2.14,0.35,17
2830,91,1007,3.14,2.13,0.36,17
2831,91.5,1013,3.27,2.12,0.37,17
2832,92,1005,3.13,2.11,0.38,17
2833,92.5,1011,3.28,2.1,0.39,17
2834,93,1006,3.12,2.09,0.4,17
2835,93.5,1017,3.29,2.08,0.41,17
2836,94,1008,3.11,2.07,0.42,17
2837,94.5,1014,3.3,2.06,0.43,17
2838,95,1009,3.1,2.05,0.44,17
2839,95.5,1016,3.31,2.04,0.45,17
2840,96,1007,3.09,2.03,0.46,17
2841,96.5,1013,3.32,2.02,0.47,17
2842,97,1005,3.08,2.01,0.48,17
2843,97.5,1011,3.33,2,0.49,17
2844,98,1006,3.07,1.99,0.5,17
2845,98.5,1017,3.34,1.98,0.51,17
2846,99,1008,3.06,1.97,0.52,17
2847,99.5,1014,3.35,1.96,0.53,17
2848,100,1009,3.05,1.95,0.54,17
2849,100.5,1016,3.36,1.94,0.55,17
2850,101,1007,3.04,1.93,0.56,17
2851,101.5,1013,3.37,1.92,0.57,17
2852,102,1005,3.03,1.91,0.58,17
2853,102.5,1011,3.38,1.9,0.59,17
2854,103,1006,3.02,1.89,0.6,17
2855,103.5,1017,3.39,1.88,0.61,17
2856,104,1008,3.01,1.87,0.62,17
2857,104.5,1014,3.4,1.86,0.63,17
2858,105,1009,3,1.85,0.64,17
2859,105.5,1016,3.41,1.84,0.65,17
2860,106,1007,2.99,1.83,0.66,17
2861,106.5,1013,3.42,1.82,0.67,17
2862,107,1005,2.98,1.81,0.68,17
2863,107.5,1011,3.43,1.8,0.69,17
2864,108,1006,2.97,1.79,0.7,17
2865,108.5,1017,3.44,1.78,0.71,17
2866,109,1008,2.96,1.77,0.72,17
2867,109.5,1014,3.45,1.76,0.73,17
2868,85,1015,3.2,1.76,0.73,17
2869,84.95,1013,3.18,1.75,0.74,17
2870,85.1,1018,3.22,1.74,0.75,17
2871,85.25,1019,3.19,1.73,0.76,17
2872,85,1017,3.21,1.72,0.77,17
2873,84.9,1016,3.17,1.71,0.78,17
2874,85.05,1014,3.23,1.7,0.79,17
2875,85.2,1012,3.16,1.69,0.8,17
2876,85.35,1015,3.24,1.68,0.81,17
2877,85.1,1013,3.18,1.67,0.82,17
2878,85.25,1017,3.22,1.66,0.83,17
2879,85.4,1019,3.19,1.65,0.84,17
2880,85.55,1016,3.21,1.64,0.85,17
2881,85.3,1015,3.17,1.63,0.86,17
2882,85.45,1013,3.23,1.62,0.87,17
2883,85.6,1017,3.16,1.61,0.88,17
2884,85.75,1019,3.24,1.6,0.89,17
2885,85.5,1016,3.18,1.59,0.9,17
2886,85.65,1014,3.22,1.58,0.91,17
2887,85.8,1017,3.19,1.57,0.92,17
2888,85.95,1019,3.21,1.56,0.93,17
2889,86.1,1016,3.17,1.55,0.94,17
2890,86.25,1014,3.23,1.54,0.95,17
2891,86.4,1017,3.16,1.53,0.96,17
2892,86.55,1019,3.24,1.52,0.97,17
2893,86.3,1016,3.18,1.51,0.98,17
2894,86.45,1014,3.22,1.5,0.99,17
2895,86.6,1017,3.19,1.49,1,17
2896,86.75,1019,3.21,1.48,1.01,17
2897,86.5,1016,3.17,1.47,1.02,17
2898,86.65,1014,3.23,1.46,1.03,17
2899,86.8,1017,3.16,1.45,1.04,17
2900,86.95,1019,3.24,1.44,1.05,17
2901,86.7,1016,3.18,1.43,1.06,17
2902,86.85,1014,3.22,1.42,1.07,17
2903,87,1017,3.19,1.41,1.08,17
2904,87.15,1019,3.21,1.4,1.09,17
2905,86.9,1016,3.17,1.39,1.1,17
2906,87.05,1014,3.23,1.38,1.11,17
2907,87.2,1017,3.16,1.37,1.12,17
2908,87.35,1019,3.24,1.36,1.13,17
2909,87.1,1016,3.18,1.35,1.14,17
2910,87.25,1014,3.22,1.34,1.15,17
2911,87.4,1017,3.19,1.33,1.16,17
2912,87.55,1019,3.21,1.32,1.17,17
2913,87.3,1016,3.17,1.31,1.18,17
2914,87.45,1014,3.23,1.3,1.19,17
2915,87.6,1017,3.16,1.29,1.2,17
2916,87.75,1019,3.24,1.28,1.21,17
2917,87.5,1016,3.18,1.27,1.22,17
2918,85,1015,3.2,1.27,1.22,17
2919,84.5,1013,3.18,1.26,1.23,17
2920,85,1016,3.19,1.25,1.24,17
2921,84,1019,3.21,1.24,1.25,17
2922,83.5,1017,3.22,1.23,1.26,17
2923,84,1018,3.2,1.22,1.27,17
2924,85,1016,3.19,1.21,1.28,17
2925,84.5,1014,3.17,1.2,1.29,17
2926,85,1015,3.18,1.19,1.3,17
2927,84.5,1017,3.2,1.18,1.31,17
2928,85,1016,3.19,1.17,1.32,17
2929,84,1019,3.21,1.16,1.33,17
2930,83.5,1017,3.22,1.15,1.34,17
2931,84,1018,3.2,1.14,1.35,17
2932,85,1016,3.19,1.13,1.36,17
2933,84.5,1014,3.17,1.12,1.37,17
2934,85,1015,3.18,1.11,1.38,17
2935,84.5,1017,3.2,1.1,1.39,17
2936,85,1016,3.19,1.09,1.4,17
2937,84,1019,3.21,1.08,1.41,17
2938,83.5,1017,3.22,1.07,1.42,17
2939,84,1018,3.2,1.06,1.43,17
2940,85,1016,3.19,1.05,1.44,17
2941,84.5,1014,3.17,1.04,1.45,17
2942,85,1015,3.18,1.03,1.46,17
2943,84.5,1017,3.2,1.02,1.47,17
2944,85,1016,3.19,1.01,1.48,17
2945,84,1019,3.21,1,1.49,17
2946,83.5,1017,3.22,1,1.5,17
2947,84,1018,3.2,1,1.5,17
2948,85,1016,3.19,1,1.5,17
2949,84.5,1014,3.17,1,1.5,17
2950,85,1015,3.18,1,1.5,17
2951,84.5,1017,3.2,1,1.5,17
2952,85,1016,3.19,1,1.5,17
2953,84,1019,3.21,1,1.5,17
2954,83.5,1017,3.22,1,1.5,17
2955,84,1018,3.2,1,1.5,17
2956,85,1016,3.19,1,1.5,17
2957,84.5,1014,3.17,1,1.5,17
3058,85,1015,3.2,1,1.5,17
3059,84.5,1019,3.18,0.99,1.51,17
3060,85,1011,3.22,0.98,1.52,17
3061,84.9,1013,3.19,0.97,1.53,17
3062,85.2,1016,3.21,0.96,1.54,17
3063,85.1,1009,3.17,0.95,1.55,17
3064,84.8,1012,3.23,0.94,1.56,17
3065,84.6,1017,3.16,0.93,1.57,17
3066,85.3,1008,3.24,0.92,1.58,17
3067,85,1014,3.15,0.91,1.59,17
3068,84.7,1010,3.25,0.9,1.6,17
3069,84.4,1013,3.14,0.89,1.61,17
3070,85.1,1007,3.26,0.88,1.62,17
3071,84.8,1011,3.13,0.87,1.63,17
3072,84.5,1009,3.27,0.86,1.64,17
3073,85.2,1015,3.12,0.85,1.65,17
3074,84.9,1012,3.28,0.84,1.66,17
3075,84.6,1006,3.11,0.83,1.67,17
3076,85.3,1014,3.29,0.82,1.68,17
3077,85,1008,3.1,0.81,1.69,17
3078,84.7,1010,3.3,0.8,1.7,17
3079,84.4,1017,3.09,0.79,1.71,17
3080,85.1,1004,3.31,0.78,1.72,17
3081,84.8,1013,3.08,0.77,1.73,17
3082,84.5,1009,3.32,0.76,1.74,17
3083,85.2,1016,3.07,0.75,1.75,17
3084,84.9,1007,3.33,0.74,1.76,17
3085,84.6,1012,3.06,0.73,1.77,17
3086,85.3,1005,3.34,0.72,1.78,17
3087,85,1010,3.05,0.71,1.79,17
3088,84.7,1019,3.35,0.7,1.8,17
3089,84.4,1003,3.04,0.69,1.81,17
3090,85.1,1017,3.36,0.68,1.82,17
3091,84.8,1006,3.03,0.67,1.83,17
3092,84.5,1014,3.37,0.66,1.84,17
3093,85.2,1002,3.02,0.65,1.85,17
3094,85,1011,3.38,0.64,1.86,17
3095,84.7,1010,3.01,0.63,1.87,17
3096,84.4,1009,3.39,0.62,1.88,17
3097,85.1,1008,3,0.61,1.89,17
3098,84.8,1016,3.4,0.6,1.9,17
3099,84.5,1007,2.99,0.59,1.91,17
3100,85.2,1014,3.41,0.58,1.92,17
3101,85,1006,2.98,0.57,1.93,17
3102,84.7,1013,3.42,0.56,1.94,17
3103,84.4,1005,2.97,0.55,1.95,17
3104,85.1,1012,3.43,0.54,1.96,17
3105,84.8,1004,2.96,0.53,1.97,17
3106,84.5,1011,3.44,0.52,1.98,17
3107,85.2,1003,2.95,0.51,1.99,17
3108,85,1015,3.2,0.51,1.99,17
3109,84.5,1012,3.18,0.5,2,17
3110,85,1019,3.22,0.49,2.01,17
3111,84,1016,3.19,0.48,2.02,17
3112,83.5,1011,3.21,0.47,2.03,17
3113,83,1017,3.17,0.46,2.04,17
3114,82.5,1014,3.23,0.45,2.05,17
3115,82,1010,3.16,0.44,2.06,17
3116,81.5,1013,3.24,0.43,2.07,17
3117,81,1018,3.15,0.42,2.08,17
3118,80.5,1015,3.26,0.41,2.09,17
3119,80,1012,3.14,0.4,2.1,17
3120,79.5,1017,3.27,0.39,2.11,17
3121,79,1014,3.13,0.38,2.12,17
3122,78.5,1019,3.28,0.37,2.13,17
3123,78,1016,3.12,0.36,2.14,17
3124,77.5,1021,3.29,0.35,2.15,17
3125,77,1018,3.11,0.34,2.16,17
3126,76.5,1023,3.3,0.33,2.17,17
3127,76,1020,3.1,0.32,2.18,17
3128,75.5,1024,3.31,0.31,2.19,17
3129,75,1022,3.09,0.3,2.2,17
3130,74.5,1026,3.32,0.29,2.21,17
3131,74,1023,3.08,0.28,2.22,17
3132,73.5,1028,3.33,0.27,2.23,17
3133,73,1025,3.07,0.26,2.24,17
3134,72.5,1030,3.34,0.25,2.25,17
3135,72,1027,3.06,0.24,2.26,17
3136,71.5,1032,3.35,0.23,2.27,17
3137,71,1029,3.05,0.22,2.28,17
3138,70.5,1034,3.36,0.21,2.29,17
3139,70,1031,3.04,0.2,2.3,17
3140,69.5,1036,3.37,0.19,2.31,17
3141,69,1033,3.03,0.18,2.32,17
3142,68.5,1038,3.38,0.17,2.33,17
3143,68,1035,3.02,0.16,2.34,17
3144,67.5,1040,3.39,0.15,2.35,17
3145,67,1037,3.01,0.14,2.36,17
3146,66.5,1042,3.4,0.13,2.37,17
3147,66,1039,3,0.12,2.38,17
3148,65.5,1044,3.41,0.11,2.39,17
3149,65,1041,2.99,0.1,2.4,17
3150,64.5,1046,3.42,0.09,2.41,17
3151,64,1043,2.98,0.08,2.42,17
3152,63.5,1048,3.43,0.07,2.43,17
3153,63,1045,2.97,0.06,2.44,17
3154,62.5,1050,3.44,0.05,2.45,17
3155,62,1047,2.96,0.04,2.46,17
3156,61.5,1052,3.45,0.03,2.47,17
3157,61,1049,2.95,0.02,2.48,17
3158,85,1015,3.2,2.5,0,18
3159,84.95,1007,3.18,2.49,0.01,18
3160,85.05,1013,3.19,2.48,0.02,18
3161,85.1,1018,3.21,2.47,0.03,18
3162,85.15,1011,3.17,2.46,0.04,18
3163,85.2,1009,3.22,2.45,0.05,18
3164,85.25,1016,3.16,2.44,0.06,18
3165,85.3,1012,3.23,2.43,0.07,18
3166,85.35,1006,3.19,2.42,0.08,18
3167,85.4,1019,3.24,2.41,0.09,18
3168,85.45,1013,3.2,2.4,0.1,18
3169,85.5,1007,3.18,2.39,0.11,18
3170,85.55,1015,3.22,2.38,0.12,18
3171,85.6,1011,3.19,2.37,0.13,18
3172,85.65,1009,3.24,2.36,0.14,18
3173,85.7,1017,3.21,2.35,0.15,18
3174,85.75,1014,3.17,2.34,0.16,18
3175,85.8,1006,3.23,2.33,0.17,18
3176,85.85,1019,3.19,2.32,0.18,18
3177,85.9,1012,3.25,2.31,0.19,18
3178,85.95,1007,3.21,2.3,0.2,18
3179,86,1015,3.17,2.29,0.21,18
3180,86.05,1011,3.24,2.28,0.22,18
3181,86.1,1008,3.2,2.27,0.23,18
3182,86.15,1016,3.16,2.26,0.24,18
3183,86.2,1013,3.22,2.25,0.25,18
3184,86.25,1005,3.19,2.24,0.26,18
3185,86.3,1017,3.25,2.23,0.27,18
3186,86.35,1012,3.21,2.22,0.28,18
3187,86.4,1006,3.17,2.21,0.29,18
3188,86.45,1019,3.24,2.2,0.3,18
3189,86.5,1014,3.2,2.19,0.31,18
3190,86.55,1007,3.16,2.18,0.32,18
3191,86.6,1015,3.22,2.17,0.33,18
3192,86.65,1011,3.19,2.16,0.34,18
3193,86.7,1008,3.25,2.15,0.35,18
3194,86.75,1016,3.21,2.14,0.36,18
3195,86.8,1013,3.17,2.13,0.37,18
3196,86.85,1005,3.24,2.12,0.38,18
3197,86.9,1017,3.2,2.11,0.39,18
3198,86.95,1012,3.16,2.1,0.4,18
3199,87,1006,3.22,2.09,0.41,18
3200,87.05,1019,3.19,2.08,0.42,18
3201,87.1,1014,3.25,2.07,0.43,18
3202,87.15,1007,3.21,2.06,0.44,18
3203,87.2,1015,3.17,2.05,0.45,18
3204,87.25,1011,3.24,2.04,0.46,18
3205,87.3,1008,3.2,2.03,0.47,18
3206,87.35,1016,3.16,2.02,0.48,18
3207,87.4,1013,3.22,2.01,0.49,18
3208,85,1015,3.2,2.01,0.49,18
3209,84.5,1013,3.18,2,0.5,18
3210,85,1017,3.22,1.99,0.51,18
3211,84.9,1016,3.19,1.98,0.52,18
3212,85.4,1019,3.21,1.97,0.53,18
3213,85.6,1014,3.23,1.96,0.54,18
3214,85.3,1018,3.2,1.95,0.55,18
3215,84.8,1011,3.17,1.94,0.56,18
3216,85.1,1013,3.22,1.93,0.57,18
3217,85.2,1016,3.19,1.92,0.58,18
3218,84.7,1015,3.21,1.91,0.59,18
3219,85,1019,3.23,1.9,0.6,18
3220,84.5,1017,3.18,1.89,0.61,18
3221,85.3,1014,3.2,1.88,0.62,18
3222,85.4,1016,3.17,1.87,0.63,18
3223,84.9,1018,3.22,1.86,0.64,18
3224,85.1,1011,3.2,1.85,0.65,18
3225,84.7,1013,3.18,1.84,0.66,18
3226,85,1019,3.21,1.83,0.67,18
3227,84.5,1017,3.19,1.82,0.68,18
3228,85.3,1014,3.22,1.81,0.69,18
3229,85.4,1016,3.17,1.8,0.7,18
3230,84.9,1018,3.2,1.79,0.71,18
3231,85.1,1011,3.18,1.78,0.72,18
3232,84.7,1013,3.21,1.77,0.73,18
3233,85,1019,3.19,1.76,0.74,18
3234,84.5,1017,3.22,1.75,0.75,18
3235,85.3,1014,3.16,1.74,0.76,18
3236,85.4,1016,3.19,1.73,0.77,18
3237,84.9,1018,3.22,1.72,0.78,18
3238,85.1,1011,3.17,1.71,0.79,18
3239,84.7,1013,3.2,1.7,0.8,18
3240,85,1019,3.18,1.69,0.81,18
3241,84.5,1017,3.21,1.68,0.82,18
3242,85.3,1014,3.16,1.67,0.83,18
3243,85.4,1016,3.19,1.66,0.84,18
3244,84.9,1018,3.22,1.65,0.85,18
3245,85.1,1011,3.17,1.64,0.86,18
3246,84.7,1013,3.2,1.63,0.87,18
3247,85,1019,3.18,1.62,0.88,18
3248,84.5,1017,3.21,1.61,0.89,18
3249,85.3,1014,3.16,1.6,0.9,18
3250,85.4,1016,3.19,1.59,0.91,18
3251,84.9,1018,3.22,1.58,0.92,18
3252,85.1,1011,3.17,1.57,0.93,18
3253,84.7,1013,3.2,1.56,0.94,18
3254,85,1019,3.18,1.55,0.95,18
3255,84.5,1017,3.21,1.54,0.96,18
3256,85.3,1014,3.16,1.53,0.97,18
3257,85.4,1016,3.19,1.52,0.98,18
3258,85,1015,3.2,1.52,0.98,18
3259,84.95,1011,3.18,1.47,1.03,18
3260,85.1,1019,3.22,1.42,1.08,18
3261,84.9,1007,3.19,1.37,1.13,18
3262,85.05,1013,3.21,1.32,1.18,18
3263,84.85,1006,3.17,1.27,1.23,18
3264,85,1018,3.23,1.22,1.28,18
3265,84.9,1011,3.19,1.17,1.33,18
3266,85.1,1008,3.22,1.12,1.38,18
3267,84.85,1015,3.18,1.07,1.43,18
3268,85,1009,3.21,1.02,1.48,18
3269,84.9,1017,3.17,0.97,1.53,18
3270,85.1,1011,3.2,0.92,1.57,18
3271,84.85,1006,3.18,0.87,1.63,18
3272,85,1018,3.23,0.82,1.67,18
3273,84.9,1009,3.19,0.77,1.73,18
3274,85.1,1013,3.22,0.72,1.77,18
3275,84.85,1008,3.17,0.67,1.83,18
3276,85,1015,3.2,0.62,1.87,18
3277,84.9,1011,3.18,0.57,1.93,18
3278,85.1,1006,3.21,0.52,1.97,18
3279,84.85,1018,3.17,0.47,2.03,18
3280,85,1011,3.2,0.42,2.07,18
3281,84.9,1009,3.18,0.37,2.13,18
3282,85.1,1013,3.22,0.32,2.17,18
3283,84.85,1006,3.17,0.27,2.23,18
3284,85,1015,3.2,0.22,2.27,18
3285,84.9,1011,3.18,0.17,2.33,18
3286,85.1,1009,3.21,0.12,2.37,18
3287,84.85,1013,3.17,0.07,2.43,18
3288,85,1006,3.2,0.02,2.47,18
3289,84.9,1015,3.18,0,2.5,18
3290,85.1,1011,3.21,0,2.5,18
3291,84.85,1009,3.17,0,2.5,18
3292,85,1013,3.2,0,2.5,18
3293,84.9,1006,3.18,0,2.5,18
3294,85.1,1015,3.21,0,2.5,18
3295,84.85,1011,3.17,0,2.5,18
3296,85,1009,3.2,0,2.5,18
3297,84.9,1013,3.18,0,2.5,18
3298,85.1,1006,3.21,0,2.5,18
3299,84.85,1015,3.17,0,2.5,18
3300,85,1011,3.2,0,2.5,18
3301,84.9,1009,3.18,0,2.5,18
3302,85.1,1013,3.21,0,2.5,18
3303,84.85,1006,3.17,0,2.5,18
3304,85,1015,3.2,0,2.5,18
3305,84.9,1011,3.17,0,2.5,18
3306,85.1,1009,3.2,0,2.5,18
3307,84.85,1013,3.18,0,2.5,18
3308,85,1015,3.2,2.5,0,19
3309,84.5,1012,3.18,2.49,0.01,19
3310,85,1017,3.22,2.48,0.02,19
3311,84,1016,3.19,2.47,0.03,19
3312,83.5,1009,3.21,2.46,0.04,19
3313,85,1013,3.17,2.45,0.05,19
3314,84.5,1010,3.23,2.44,0.06,19
3315,83,1007,3.19,2.43,0.07,19
3316,82.5,1014,3.24,2.42,0.08,19
3317,84,1011,3.16,2.41,0.09,19
3318,83.5,1008,3.22,2.4,0.1,19
3319,85,1015,3.18,2.39,0.11,19
3320,84.5,1012,3.25,2.38,0.12,19
3321,83,1009,3.17,2.37,0.13,19
3322,82.5,1016,3.23,2.36,0.14,19
3323,84,1013,3.19,2.35,0.15,19
3324,83.5,1010,3.26,2.34,0.16,19
3325,85,1007,3.14,2.33,0.17,19
3326,84.5,1014,3.22,2.32,0.18,19
3327,83,1011,3.16,2.31,0.19,19
3328,82.5,1008,3.24,2.3,0.2,19
3329,84,1015,3.18,2.29,0.21,19
3330,83.5,1012,3.26,2.28,0.22,19
3331,85,1009,3.17,2.27,0.23,19
3332,84.5,1016,3.24,2.26,0.24,19
3333,83,1013,3.19,2.25,0.25,19
3334,82.5,1010,3.27,2.24,0.26,19
3335,84,1007,3.15,2.23,0.27,19
3336,83.5,1014,3.25,2.22,0.28,19
3337,85,1011,3.17,2.21,0.29,19
3338,84.5,1008,3.23,2.2,0.3,19
3339,85,1015,3.19,2.19,0.31,19
3340,84.5,1012,3.26,2.18,0.32,19
3341,83,1009,3.15,2.17,0.33,19
3342,82.5,1016,3.24,2.16,0.34,19
3343,84,1013,3.17,2.15,0.35,19
3344,83.5,1010,3.22,2.14,0.36,19
3345,85,1007,3.19,2.13,0.37,19
3346,84.5,1014,3.27,2.12,0.38,19
3347,83,1011,3.16,2.11,0.39,19
3348,82.5,1008,3.24,2.1,0.4,19
3349,84,1015,3.18,2.09,0.41,19
3350,83.5,1012,3.26,2.08,0.42,19
3351,85,1009,3.17,2.07,0.43,19
3352,84.5,1016,3.24,2.06,0.44,19
3353,83,1013,3.19,2.05,0.45,19
3354,82.5,1010,3.27,2.04,0.46,19
3355,84,1007,3.15,2.03,0.47,19
3356,83.5,1014,3.25,2.02,0.48,19
3357,85,1011,3.17,2.01,0.49,19
3358,85,1015,3.2,2.01,0.49,19
3359,84.95,1017,3.18,2,0.5,19
3360,85.05,1013,3.22,1.99,0.51,19
3361,84.9,1016,3.19,1.98,0.52,19
3362,85.05,1019,3.21,1.97,0.53,19
3363,84.9,1014,3.17,1.96,0.54,19
3364,85,1012,3.2,1.95,0.55,19
3365,84.95,1018,3.18,1.94,0.56,19
3366,85.05,1016,3.22,1.93,0.57,19
3367,84.9,1019,3.19,1.92,0.58,19
3368,85.05,1013,3.21,1.91,0.59,19
3369,84.9,1017,3.17,1.9,0.6,19
3370,85,1015,3.2,1.89,0.61,19
3371,84.95,1012,3.18,1.88,0.62,19
3372,85.05,1016,3.22,1.87,0.63,19
3373,84.9,1019,3.19,1.86,0.64,19
3374,85.05,1013,3.21,1.85,0.65,19
3375,84.9,1017,3.17,1.84,0.66,19
3376,85,1015,3.2,1.83,0.67,19
3377,84.95,1012,3.18,1.82,0.68,19
3378,85.05,1016,3.22,1.81,0.69,19
3379,84.9,1019,3.19,1.8,0.7,19
3380,85.05,1013,3.21,1.79,0.71,19
3381,84.9,1017,3.17,1.78,0.72,19
3382,85,1015,3.2,1.77,0.73,19
3383,84.95,1012,3.18,1.76,0.74,19
3384,85.05,1016,3.22,1.75,0.75,19
3385,84.9,1019,3.19,1.74,0.76,19
3386,85.05,1013,3.21,1.73,0.77,19
3387,84.9,1017,3.17,1.72,0.78,19
3388,85,1015,3.2,1.71,0.79,19
3389,84.95,1012,3.18,1.7,0.8,19
3390,85.05,1016,3.22,1.69,0.81,19
3391,84.9,1019,3.19,1.68,0.82,19
3392,85.05,1013,3.21,1.67,0.83,19
3393,84.9,1017,3.17,1.66,0.84,19
3394,85,1015,3.2,1.65,0.85,19
3395,84.95,1012,3.18,1.64,0.86,19
3396,85.05,1016,3.22,1.63,0.87,19
3397,84.9,1019,3.19,1.62,0.88,19
3398,85.05,1013,3.21,1.61,0.89,19
3399,84.9,1017,3.17,1.6,0.9,19
3400,85,1015,3.2,1.59,0.91,19
3401,84.95,1012,3.18,1.58,0.92,19
3402,85.05,1016,3.22,1.57,0.93,19
3403,84.9,1019,3.19,1.56,0.94,19
3404,85.05,1013,3.21,1.55,0.95,19
3405,84.9,1017,3.17,1.54,0.96,19
3406,85,1015,3.2,1.53,0.97,19
3407,84.95,1012,3.18,1.52,0.98,19
3408,85,1015,3.2,1.52,0.98,19
3409,85.5,1012,3.18,1.47,1.03,19
3410,85,1016,3.22,1.42,1.08,19
3411,84.5,1009,3.19,1.37,1.13,19
3412,85,1013,3.21,1.32,1.18,19
3413,84,1010,3.17,1.27,1.23,19
3414,85.5,1017,3.23,1.22,1.28,19
3415,85,1014,3.2,1.17,1.33,19
3416,84.5,1008,3.18,1.12,1.38,19
3417,85,1015,3.22,1.07,1.43,19
3418,84,1012,3.19,1.02,1.48,19
3419,85.5,1019,3.24,0.97,1.53,19
3420,85,1016,3.21,0.92,1.57,19
3421,84.5,1013,3.18,0.87,1.63,19
3422,85,1010,3.22,0.82,1.68,19
3423,84,1007,3.19,0.77,1.73,19
3424,85.5,1014,3.24,0.72,1.78,19
3425,85,1011,3.21,0.67,1.83,19
3426,84.5,1008,3.18,0.62,1.87,19
3427,85,1015,3.22,0.57,1.93,19
3428,84,1012,3.19,0.52,1.97,19
3429,85.5,1019,3.24,0.47,2.03,19
3430,85,1016,3.21,0.42,2.07,19
3431,84.5,1013,3.18,0.37,2.13,19
3432,85,1010,3.22,0.32,2.17,19
3433,84,1007,3.19,0.27,2.23,19
3434,85.5,1014,3.24,0.22,2.27,19
3435,85,1011,3.21,0.17,2.33,19
3436,84.5,1008,3.18,0.12,2.37,19
3437,85,1015,3.22,0.07,2.43,19
3438,84,1012,3.19,0.02,2.47,19
3439,85.5,1019,3.24,0,2.5,19
3440,85,1016,3.21,0,2.5,19
3441,84.5,1013,3.18,0,2.5,19
3442,85,1010,3.22,0,2.5,19
3443,84,1007,3.19,0,2.5,19
3444,85.5,1014,3.24,0,2.5,19
3445,85,1011,3.21,0,2.5,19
3446,84.5,1008,3.18,0,2.5,19
3447,85,1015,3.22,0,2.5,19
3448,84,1012,3.19,0,2.5,19
3449,85.5,1019,3.24,0,2.5,19
3450,85,1016,3.21,0,2.5,19
3451,84.5,1013,3.18,0,2.5,19
3452,85,1010,3.22,0,2.5,19
3453,84,1007,3.19,0,2.5,19
3454,85.5,1014,3.24,0,2.5,19
3455,85,1011,3.21,0,2.5,19
3456,84.5,1008,3.18,0,2.5,19
3457,85,1015,3.22,0,2.5,19
3458,85,1015,3.2,2.5,0,20
3459,84.5,1011,3.18,2.49,0.01,20
3460,85,1017,3.22,2.48,0.02,20
3461,84.9,1013,3.19,2.47,0.03,20
3462,85.2,1009,3.21,2.46,0.04,20
3463,84.7,1014,3.17,2.45,0.05,20
3464,85.1,1010,3.23,2.44,0.06,20
3465,84.6,1007,3.16,2.43,0.07,20
3466,85,1012,3.24,2.42,0.08,20
3467,84.5,1009,3.18,2.41,0.09,20
3468,84.9,1015,3.22,2.4,0.1,20
3469,84.4,1011,3.17,2.39,0.11,20
3470,84.8,1008,3.21,2.38,0.12,20
3471,84.3,1014,3.15,2.37,0.13,20
3472,84.7,1010,3.19,2.36,0.14,20
3473,84.2,1007,3.14,2.35,0.15,20
3474,84.6,1013,3.18,2.34,0.16,20
3475,84.1,1009,3.13,2.33,0.17,20
3476,84.5,1012,3.17,2.32,0.18,20
3477,84,1006,3.12,2.31,0.19,20
3478,84.4,1011,3.16,2.3,0.2,20
3479,83.9,1005,3.1,2.29,0.21,20
3480,84.3,1010,3.14,2.28,0.22,20
3481,83.8,1004,3.09,2.27,0.23,20
3482,84.2,1009,3.13,2.26,0.24,20
3483,83.7,1003,3.08,2.25,0.25,20
3484,84.1,1008,3.12,2.24,0.26,20
3485,83.6,1002,3.07,2.23,0.27,20
3486,84,1007,3.11,2.22,0.28,20
3487,83.5,1001,3.06,2.21,0.29,20
3488,83.9,1006,3.1,2.2,0.3,20
3489,83.4,1000,3.05,2.19,0.31,20
3490,83.8,1005,3.09,2.18,0.32,20
3491,83.3,999,3.04,2.17,0.33,20
3492,83.7,1004,3.08,2.16,0.34,20
3493,83.2,998,3.03,2.15,0.35,20
3494,83.6,1003,3.07,2.14,0.36,20
3495,83.1,997,3.02,2.13,0.37,20
3496,83.5,1002,3.06,2.12,0.38,20
3497,83,996,3.01,2.11,0.39,20
3498,83.4,1001,3.05,2.1,0.4,20
3499,82.9,995,3,2.09,0.41,20
3500,83.3,1000,3.04,2.08,0.42,20
3501,82.8,994,2.99,2.07,0.43,20
3502,83.2,999,3.03,2.06,0.44,20
3503,82.7,993,2.98,2.05,0.45,20
3504,83.1,998,3.02,2.04,0.46,20
3505,82.6,992,2.97,2.03,0.47,20
3506,83,997,3.01,2.02,0.48,20
3507,82.5,991,2.96,2.01,0.49,20
3508,85,1015,3.2,2.01,0.49,20
3509,84.5,1013,3.18,2,0.5,20
3510,85,1016,3.22,1.99,0.51,20
3511,84,1017,3.19,1.98,0.52,20
3512,83.5,1018,3.21,1.97,0.53,20
3513,85,1014,3.17,1.96,0.54,20
3514,84.5,1012,3.23,1.95,0.55,20
3515,85,1010,3.16,1.94,0.56,20
3516,84.5,1018,3.24,1.93,0.57,20
3517,85,1016,3.15,1.92,0.58,20
3518,84.5,1014,3.25,1.91,0.59,20
3519,85,1012,3.14,1.9,0.6,20
3520,84.5,1010,3.26,1.89,0.61,20
3521,85,1008,3.13,1.88,0.62,20
3522,84.5,1006,3.27,1.87,0.63,20
3523,85,1004,3.12,1.86,0.64,20
3524,84.5,1002,3.28,1.85,0.65,20
3525,85,1000,3.11,1.84,0.66,20
3526,84.5,998,3.29,1.83,0.67,20
3527,85,996,3.1,1.82,0.68,20
3528,84.5,994,3.3,1.81,0.69,20
3529,85,992,3.09,1.8,0.7,20
3530,84.5,990,3.31,1.79,0.71,20
3531,85,988,3.08,1.78,0.72,20
3532,84.5,986,3.32,1.77,0.73,20
3533,85,984,3.07,1.76,0.74,20
3534,84.5,982,3.33,1.75,0.75,20
3535,85,980,3.06,1.74,0.76,20
3536,84.5,978,3.34,1.73,0.77,20
3537,85,976,3.05,1.72,0.78,20
3538,84.5,974,3.35,1.71,0.79,20
3539,85,972,3.04,1.7,0.8,20
3540,84.5,970,3.36,1.69,0.81,20
3541,85,968,3.03,1.68,0.82,20
3542,84.5,966,3.37,1.67,0.83,20
3543,85,964,3.02,1.66,0.84,20
3544,84.5,962,3.38,1.65,0.85,20
3545,85,960,3.01,1.64,0.86,20
3546,84.5,958,3.39,1.63,0.87,20
3547,85,956,3,1.62,0.88,20
3548,84.5,954,3.4,1.61,0.89,20
3549,85,952,2.99,1.6,0.9,20
3550,84.5,950,3.41,1.59,0.91,20
3551,85,948,2.98,1.58,0.92,20
3552,84.5,946,3.42,1.57,0.93,20
3553,85,944,2.97,1.56,0.94,20
3554,84.5,942,3.43,1.55,0.95,20
3555,85,940,2.96,1.54,0.96,20
3556,84.5,938,3.44,1.53,0.97,20
3557,85,936,2.95,1.52,0.98,20
3558,85,1015,3.2,1.52,0.98,20
3559,85.5,1012,3.18,1.51,0.99,20
3560,86,1017,3.21,1.5,1,20
3561,86.5,1016,3.19,1.49,1.01,20
3562,87,1018,3.22,1.48,1.02,20
3563,87.5,1013,3.17,1.47,1.03,20
3564,88,1019,3.23,1.46,1.04,20
3565,88.5,1014,3.18,1.45,1.05,20
3566,89,1020,3.24,1.44,1.06,20
3567,89.5,1015,3.2,1.43,1.07,20
3568,90,1021,3.25,1.42,1.08,20
3569,90.5,1016,3.21,1.41,1.09,20
3570,91,1022,3.26,1.4,1.1,20
3571,91.5,1017,3.22,1.39,1.11,20
3572,92,1023,3.27,1.38,1.12,20
3573,92.5,1018,3.23,1.37,1.13,20
3574,93,1024,3.28,1.36,1.14,20
3575,93.5,1019,3.24,1.35,1.15,20
3576,94,1025,3.29,1.34,1.16,20
3577,94.5,1020,3.25,1.33,1.17,20
3578,95,1026,3.3,1.32,1.18,20
3579,95.5,1021,3.26,1.31,1.19,20
3580,96,1027,3.31,1.3,1.2,20
3581,96.5,1022,3.27,1.29,1.21,20
3582,97,1028,3.32,1.28,1.22,20
3583,97.5,1023,3.28,1.27,1.23,20
3584,98,1029,3.33,1.26,1.24,20
3585,98.5,1024,3.29,1.25,1.25,20
3586,99,1030,3.34,1.24,1.26,20
3587,99.5,1025,3.3,1.23,1.27,20
3588,100,1031,3.35,1.22,1.28,20
3589,100.5,1026,3.31,1.21,1.29,20
3590,101,1032,3.36,1.2,1.3,20
3591,101.5,1027,3.32,1.19,1.31,20
3592,102,1033,3.37,1.18,1.32,20
3593,102.5,1028,3.33,1.17,1.33,20
3594,103,1034,3.38,1.16,1.34,20
3595,103.5,1029,3.34,1.15,1.35,20
3596,104,1035,3.39,1.14,1.36,20
3597,104.5,1030,3.35,1.13,1.37,20
3598,105,1036,3.4,1.12,1.38,20
3599,105.5,1031,3.36,1.11,1.39,20
3600,106,1037,3.41,1.1,1.4,20
3601,106.5,1032,3.37,1.09,1.41,20
3602,107,1038,3.42,1.08,1.42,20
3603,107.5,1033,3.38,1.07,1.43,20
3604,108,1039,3.43,1.06,1.44,20
3605,108.5,1034,3.39,1.05,1.45,20
3606,109,1040,3.44,1.04,1.46,20
3607,109.5,1035,3.4,1.03,1.47,20
3608,85,1015,3.2,1.03,1.47,20
3609,84.5,1012,3.18,1.02,1.48,20
3610,85,1017,3.22,1.01,1.49,20
3611,84.8,1009,3.19,1,1.5,20
3612,85.3,1014,3.21,0.99,1.51,20
3613,84.6,1007,3.17,0.98,1.52,20
3614,85.1,1010,3.2,0.97,1.53,20
3615,84.9,1013,3.16,0.96,1.54,20
3616,85.4,1005,3.23,0.95,1.55,20
3617,84.7,1016,3.19,0.94,1.56,20
3618,85.2,1008,3.24,0.93,1.57,20
3619,84.8,1011,3.18,0.92,1.58,20
3620,85.3,1004,3.22,0.91,1.59,20
3621,84.6,1017,3.15,0.9,1.6,20
3622,85.1,1006,3.23,0.89,1.61,20
3623,84.9,1013,3.17,0.88,1.62,20
3624,85.4,1009,3.2,0.87,1.63,20
3625,84.7,1012,3.14,0.86,1.64,20
3626,85.2,1005,3.21,0.85,1.65,20
3627,84.8,1018,3.16,0.84,1.66,20
3628,85.3,1007,3.23,0.83,1.67,20
3629,84.6,1011,3.19,0.82,1.68,20
3630,85.1,1010,3.2,0.81,1.69,20
3631,84.9,1003,3.17,0.8,1.7,20
3632,85.4,1016,3.22,0.79,1.71,20
3633,84.7,1006,3.15,0.78,1.72,20
3634,85.2,1012,3.23,0.77,1.73,20
3635,84.8,1009,3.18,0.76,1.74,20
3636,85.3,1015,3.2,0.75,1.75,20
3637,84.6,1007,3.16,0.74,1.76,20
3638,85.1,1013,3.21,0.73,1.77,20
3639,84.9,1010,3.19,0.72,1.78,20
3640,85.4,1004,3.22,0.71,1.79,20
3641,84.7,1017,3.17,0.7,1.8,20
3642,85.2,1006,3.2,0.69,1.81,20
3643,84.8,1011,3.15,0.68,1.82,20
3644,85.3,1009,3.23,0.67,1.83,20
3645,84.6,1015,3.18,0.66,1.84,20
3646,85.1,1007,3.2,0.65,1.85,20
3647,84.9,1012,3.16,0.64,1.86,20
3648,85.4,1010,3.21,0.63,1.87,20
3649,84.7,1004,3.19,0.62,1.88,20
3650,85.2,1017,3.22,0.61,1.89,20
3651,84.8,1006,3.17,0.6,1.9,20
3652,85.3,1011,3.2,0.59,1.91,20
3653,84.6,1009,3.15,0.58,1.92,20
3654,85.1,1015,3.23,0.57,1.93,20
3655,84.9,1007,3.18,0.56,1.94,20
3656,85.4,1012,3.2,0.55,1.95,20
3657,84.7,1010,3.16,0.54,1.96,20
3658,85,1015,3.2,0.54,1.96,20
3659,85.5,1010,3.18,0.53,1.97,20
3660,85,1018,3.22,0.52,1.98,20
3661,84.5,1007,3.19,0.51,1.99,20
3662,85,1013,3.21,0.5,2,20
3663,84,1009,3.17,0.49,2.01,20
3664,85.5,1016,3.23,0.48,2.02,20
3665,85,1012,3.19,0.47,2.03,20
3666,84.5,1005,3.2,0.46,2.04,20
3667,85,1019,3.22,0.45,2.05,20
3668,84,1010,3.18,0.44,2.06,20
3669,85.5,1008,3.21,0.43,2.07,20
3670,85,1014,3.19,0.42,2.08,20
3671,84.5,1002,3.2,0.41,2.09,20
3672,85,1017,3.22,0.4,2.1,20
3673,84,1009,3.18,0.39,2.11,20
3674,85.5,1016,3.21,0.38,2.12,20
3675,85,1013,3.19,0.37,2.13,20
3676,84.5,1006,3.2,0.36,2.14,20
3677,85,1019,3.22,0.35,2.15,20
3678,84,1011,3.18,0.34,2.16,20
3679,85.5,1008,3.21,0.33,2.17,20
3680,85,1014,3.19,0.32,2.18,20
3681,84.5,1003,3.2,0.31,2.19,20
3682,85,1017,3.22,0.3,2.2,20
3683,84,1009,3.18,0.29,2.21,20
3684,85.5,1016,3.21,0.28,2.22,20
3685,85,1013,3.19,0.27,2.23,20
3686,84.5,1006,3.2,0.26,2.24,20
3687,85,1019,3.22,0.25,2.25,20
3688,84,1011,3.18,0.24,2.26,20
3689,85.5,1008,3.21,0.23,2.27,20
3690,85,1014,3.19,0.22,2.28,20
3691,84.5,1003,3.2,0.21,2.29,20
3692,85,1017,3.22,0.2,2.3,20
3693,84,1009,3.18,0.19,2.31,20
3694,85.5,1016,3.21,0.18,2.32,20
3695,85,1013,3.19,0.17,2.33,20
3696,84.5,1006,3.2,0.16,2.34,20
3697,85,1019,3.22,0.15,2.35,20
3698,84,1011,3.18,0.14,2.36,20
3699,85.5,1008,3.21,0.13,2.37,20
3700,85,1014,3.19,0.12,2.38,20
3701,84.5,1003,3.2,0.11,2.39,20
3702,85,1017,3.22,0.1,2.4,20
3703,84,1009,3.18,0.09,2.41,20
3704,85.5,1016,3.21,0.08,2.42,20
3705,85,1013,3.19,0.07,2.43,20
3706,84.5,1006,3.2,0.06,2.44,20
3707,85,1019,3.22,0.05,2.45,20
3708,85,1015,3.2,2.5,0,21
3709,84.95,1018,3.18,2.49,0.01,21
3710,85.05,1012,3.22,2.48,0.02,21
3711,84.9,1016,3.19,2.47,0.03,21
3712,85.05,1014,3.21,2.46,0.04,21
3713,84.9,1009,3.17,2.45,0.05,21
3714,85,1013,3.2,2.44,0.06,21
3715,84.95,1017,3.18,2.43,0.07,21
3716,85,1011,3.22,2.42,0.08,21
3717,84.9,1015,3.19,2.41,0.09,21
3718,85,1019,3.21,2.4,0.1,21
3719,84.95,1016,3.18,2.39,0.11,21
3720,85.05,1012,3.22,2.38,0.12,21
3721,84.9,1018,3.19,2.37,0.13,21
3722,85.05,1014,3.2,2.36,0.14,21
3723,84.9,1010,3.17,2.35,0.15,21
3724,85,1016,3.21,2.34,0.16,21
3725,84.95,1012,3.18,2.33,0.17,21
3726,85,1018,3.22,2.32,0.18,21
3727,84.9,1014,3.19,2.31,0.19,21
3728,85,1010,3.2,2.3,0.2,21
3729,84.95,1016,3.17,2.29,0.21,21
3730,85,1012,3.21,2.28,0.22,21
3731,84.9,1018,3.18,2.27,0.23,21
3732,85.05,1014,3.22,2.26,0.24,21
3733,84.9,1010,3.19,2.25,0.25,21
3734,85,1016,3.2,2.24,0.26,21
3735,84.95,1012,3.17,2.23,0.27,21
3736,85,1018,3.21,2.22,0.28,21
3737,84.9,1014,3.18,2.21,0.29,21
3738,85,1010,3.2,2.2,0.3,21
3739,84.95,1016,3.17,2.19,0.31,21
3740,85,1012,3.21,2.18,0.32,21
3741,84.9,1018,3.18,2.17,0.33,21
3742,85.05,1014,3.22,2.16,0.34,21
3743,84.9,1010,3.19,2.15,0.35,21
3744,85,1016,3.2,2.14,0.36,21
3745,84.95,1012,3.17,2.13,0.37,21
3746,85,1018,3.21,2.12,0.38,21
3747,84.9,1014,3.18,2.11,0.39,21
3748,85,1010,3.2,2.1,0.4,21
3749,84.95,1016,3.17,2.09,0.41,21
3750,85,1012,3.21,2.08,0.42,21
3751,84.9,1018,3.18,2.07,0.43,21
3752,85.05,1014,3.22,2.06,0.44,21
3753,84.9,1010,3.19,2.05,0.45,21
3754,85,1016,3.2,2.04,0.46,21
3755,84.95,1012,3.17,2.03,0.47,21
3756,85,1018,3.21,2.02,0.48,21
3757,84.9,1014,3.18,2.01,0.49,21
3758,85,1015,3.2,2.01,0.49,21
3759,84.95,1016,3.18,2,0.5,21
3760,85.05,1013,3.21,1.99,0.51,21
3761,84.9,1011,3.19,1.98,0.52,21
3762,85.05,1009,3.22,1.97,0.53,21
3763,84.9,1011,3.18,1.96,0.54,21
3764,85,1013,3.2,1.95,0.55,21
3765,84.9,1014,3.19,1.94,0.56,21
3766,85,1016,3.21,1.93,0.57,21
3767,84.9,1013,3.18,1.92,0.58,21
3768,85.05,1015,3.22,1.91,0.59,21
3769,84.9,1011,3.19,1.9,0.6,21
3770,85,1013,3.2,1.89,0.61,21
3771,84.9,1014,3.18,1.88,0.62,21
3772,85,1016,3.21,1.87,0.63,21
3773,84.9,1013,3.19,1.86,0.64,21
3774,85.05,1015,3.22,1.85,0.65,21
3775,84.9,1011,3.18,1.84,0.66,21
3776,85,1013,3.2,1.83,0.67,21
3777,84.9,1014,3.18,1.82,0.68,21
3778,85,1016,3.21,1.81,0.69,21
3779,84.9,1013,3.19,1.8,0.7,21
3780,85.05,1015,3.22,1.79,0.71,21
3781,84.9,1011,3.18,1.78,0.72,21
3782,85,1013,3.2,1.77,0.73,21
3783,84.9,1014,3.18,1.76,0.74,21
3784,85,1016,3.21,1.75,0.75,21
3785,84.9,1013,3.19,1.74,0.76,21
3786,85.05,1015,3.22,1.73,0.77,21
3787,84.9,1011,3.18,1.72,0.78,21
3788,85,1013,3.2,1.71,0.79,21
3789,84.9,1014,3.18,1.7,0.8,21
3790,85,1016,3.21,1.69,0.81,21
3791,84.9,1013,3.19,1.68,0.82,21
3792,85.05,1015,3.22,1.67,0.83,21
3793,84.9,1011,3.18,1.66,0.84,21
3794,85,1013,3.2,1.65,0.85,21
3795,84.9,1014,3.18,1.64,0.86,21
3796,85,1016,3.21,1.63,0.87,21
3797,84.9,1013,3.19,1.62,0.88,21
3798,85.05,1015,3.22,1.61,0.89,21
3799,84.9,1011,3.18,1.6,0.9,21
3800,85,1013,3.2,1.59,0.91,21
3801,84.9,1014,3.18,1.58,0.92,21
3802,85,1016,3.21,1.57,0.93,21
3803,84.9,1013,3.19,1.56,0.94,21
3804,85.05,1015,3.22,1.55,0.95,21
3805,84.9,1011,3.18,1.54,0.96,21
3806,85,1013,3.2,1.53,0.97,21
3807,84.9,1014,3.18,1.52,0.98,21
3808,85,1015,3.2,1.52,0.98,21
3809,85.5,1013,3.18,1.47,1.03,21
3810,86,1016,3.22,1.42,1.08,21
3811,86.5,1019,3.19,1.37,1.13,21
3812,87,1010,3.21,1.32,1.18,21
3813,87.5,1017,3.17,1.27,1.23,21
3814,88,1014,3.23,1.22,1.28,21
3815,88.5,1011,3.16,1.17,1.33,21
3816,89,1018,3.24,1.12,1.38,21
3817,89.5,1015,3.19,1.07,1.43,21
3818,90,1012,3.26,1.02,1.47,21
3819,90.5,1019,3.21,0.97,1.53,21
3820,91,1016,3.27,0.92,1.57,21
3821,91.5,1013,3.22,0.87,1.63,21
3822,92,1010,3.3,0.82,1.67,21
3823,92.5,1017,3.24,0.77,1.73,21
3824,93,1014,3.29,0.72,1.77,21
3825,93.5,1011,3.25,0.67,1.83,21
3826,94,1018,3.32,0.62,1.87,21
3827,94.5,1015,3.27,0.57,1.93,21
3828,95,1012,3.34,0.52,1.97,21
3829,95.5,1019,3.3,0.47,2.03,21
3830,96,1016,3.37,0.42,2.07,21
3831,96.5,1013,3.32,0.37,2.13,21
3832,97,1010,3.4,0.32,2.17,21
3833,97.5,1017,3.35,0.27,2.23,21
3834,98,1014,3.42,0.22,2.27,21
3835,98.5,1011,3.37,0.17,2.33,21
3836,99,1018,3.49,0.12,2.37,21
3837,99.5,1015,3.44,0.07,2.43,21
3838,100,1012,3.51,0.02,2.47,21
3839,100.5,1019,3.46,0,2.5,21
3840,101,1016,3.58,0,2.5,21
3841,101.5,1013,3.53,0,2.5,21
3842,102,1010,3.65,0,2.5,21
3843,102.5,1017,3.6,0,2.5,21
3844,103,1014,3.72,0,2.5,21
3845,103.5,1011,3.67,0,2.5,21
3846,104,1018,3.84,0,2.5,21
3847,104.5,1015,3.79,0,2.5,21
3848,105,1012,3.96,0,2.5,21
3849,105.5,1019,3.91,0,2.5,21
3850,106,1016,4.08,0,2.5,21
3851,106.5,1013,4.03,0,2.5,21
3852,107,1010,4.2,0,2.5,21
3853,107.5,1017,4.15,0,2.5,21
3854,108,1014,4.32,0,2.5,21
3855,108.5,1011,4.27,0,2.5,21
3856,109,1018,4.49,0,2.5,21
3857,109.5,1015,4.44,0,2.5,21
3858,85,1015,3.2,2.5,0,22
3859,84.5,1018,3.18,2.49,0.01,22
3860,85,1012,3.22,2.48,0.02,22
3861,84.75,1009,3.19,2.47,0.03,22
3862,85.25,1016,3.21,2.46,0.04,22
3863,84.5,1013,3.17,2.45,0.05,22
3864,85,1006,3.23,2.44,0.06,22
3865,84.75,1010,3.16,2.43,0.07,22
3866,85.25,1003,3.24,2.42,0.08,22
3867,84.5,1009,3.18,2.41,0.09,22
3868,85,1015,3.22,2.4,0.1,22
3869,84.75,1011,3.19,2.39,0.11,22
3870,85.25,1008,3.23,2.38,0.12,22
3871,84.5,1014,3.16,2.37,0.13,22
3872,85,1010,3.2,2.36,0.14,22
3873,84.75,1007,3.18,2.35,0.15,22
3874,85.25,1013,3.21,2.34,0.16,22
3875,84.5,1010,3.17,2.33,0.17,22
3876,85,1009,3.23,2.32,0.18,22
3877,84.75,1015,3.16,2.31,0.19,22
3878,85.25,1011,3.2,2.3,0.2,22
3879,84.5,1008,3.18,2.29,0.21,22
3880,85,1014,3.22,2.28,0.22,22
3881,84.75,1010,3.19,2.27,0.23,22
3882,85.25,1007,3.23,2.26,0.24,22
3883,84.5,1013,3.16,2.25,0.25,22
3884,85,1010,3.2,2.24,0.26,22
3885,84.75,1009,3.18,2.23,0.27,22
3886,85.25,1015,3.22,2.22,0.28,22
3887,84.5,1011,3.19,2.21,0.29,22
3888,85,1008,3.23,2.2,0.3,22
3889,84.75,1014,3.16,2.19,0.31,22
3890,85.25,1010,3.2,2.18,0.32,22
3891,84.5,1007,3.18,2.17,0.33,22
3892,85,1013,3.22,2.16,0.34,22
3893,84.75,1010,3.19,2.15,0.35,22
3894,85.25,1009,3.23,2.14,0.36,22
3895,84.5,1015,3.16,2.13,0.37,22
3896,85,1011,3.2,2.12,0.38,22
3897,84.75,1008,3.18,2.11,0.39,22
3898,85.25,1014,3.22,2.1,0.4,22
3899,84.5,1010,3.19,2.09,0.41,22
3900,85,1007,3.23,2.08,0.42,22
3901,84.75,1013,3.16,2.07,0.43,22
3902,85.25,1010,3.2,2.06,0.44,22
3903,84.5,1009,3.18,2.05,0.45,22
3904,85,1015,3.22,2.04,0.46,22
3905,84.75,1011,3.19,2.03,0.47,22
3906,85.25,1008,3.23,2.02,0.48,22
3907,84.5,1014,3.16,2.01,0.49,22
3908,85,1015,3.2,2.01,0.49,22
3909,84.5,1007,3.18,2,0.5,22
3910,85,1012,3.22,1.99,0.51,22
3911,84.9,1010,3.19,1.98,0.52,22
3912,85.4,1009,3.21,1.97,0.53,22
3913,85.1,1016,3.17,1.96,0.54,22
3914,84.6,1013,3.23,1.95,0.55,22
3915,85.3,1008,3.16,1.94,0.56,22
3916,85,1017,3.24,1.93,0.57,22
3917,84.7,1005,3.19,1.92,0.58,22
3918,85.4,1011,3.26,1.91,0.59,22
3919,85.1,1002,3.21,1.9,0.6,22
3920,84.6,1014,3.28,1.89,0.61,22
3921,85.3,1007,3.23,1.88,0.62,22
3922,85,1010,3.25,1.87,0.63,22
3923,84.7,1009,3.22,1.86,0.64,22
3924,85.4,1012,3.29,1.85,0.65,22
3925,85.1,1004,3.26,1.84,0.66,22
3926,84.6,1015,3.31,1.83,0.67,22
3927,85.3,1006,3.28,1.82,0.68,22
3928,85,1013,3.34,1.81,0.69,22
3929,84.7,1001,3.3,1.8,0.7,22
3930,85.4,1016,3.37,1.79,0.71,22
3931,85.1,1008,3.33,1.78,0.72,22
3932,84.6,1010,3.39,1.77,0.73,22
3933,85.3,1002,3.36,1.76,0.74,22
3934,85,1014,3.42,1.75,0.75,22
3935,84.7,1005,3.4,1.74,0.76,22
3936,85.4,1011,3.44,1.73,0.77,22
3937,85.1,1007,3.41,1.72,0.78,22
3938,84.6,1013,3.47,1.71,0.79,22
3939,85.3,1009,3.44,1.7,0.8,22
3940,85,1015,3.5,1.69,0.81,22
3941,84.7,1004,3.47,1.68,0.82,22
3942,85.4,1011,3.53,1.67,0.83,22
3943,85.1,1006,3.5,1.66,0.84,22
3944,84.6,1013,3.56,1.65,0.85,22
3945,85.3,1008,3.53,1.64,0.86,22
3946,85,1010,3.59,1.63,0.87,22
3947,84.7,1014,3.56,1.62,0.88,22
3948,85.4,1005,3.62,1.61,0.89,22
3949,85.1,1011,3.6,1.6,0.9,22
3950,84.6,1007,3.65,1.59,0.91,22
3951,85.3,1013,3.62,1.58,0.92,22
3952,85,1009,3.68,1.57,0.93,22
3953,84.7,1015,3.65,1.56,0.94,22
3954,85.4,1004,3.71,1.55,0.95,22
3955,85.1,1011,3.7,1.54,0.96,22
3956,84.6,1007,3.76,1.53,0.97,22
3957,85.3,1013,3.73,1.52,0.98,22
3958,85,1015,3.2,1.52,0.98,22
3959,85.5,1014,3.18,1.51,0.99,22
3960,86,1017,3.22,1.5,1,22
3961,86.5,1016,3.19,1.49,1.01,22
3962,87,1019,3.21,1.48,1.02,22
3963,87.5,1013,3.17,1.47,1.03,22
3964,88,1018,3.23,1.46,1.04,22
3965,88.5,1012,3.16,1.45,1.05,22
3966,89,1015,3.24,1.44,1.06,22
3967,89.5,1010,3.18,1.43,1.07,22
3968,90,1017,3.26,1.42,1.08,22
3969,90.5,1013,3.2,1.41,1.09,22
3970,91,1019,3.27,1.4,1.1,22
3971,91.5,1016,3.21,1.39,1.11,22
3972,92,1018,3.29,1.38,1.12,22
3973,92.5,1015,3.23,1.37,1.13,22
3974,93,1012,3.3,1.36,1.14,22
3975,93.5,1019,3.26,1.35,1.15,22
3976,94,1017,3.31,1.34,1.16,22
3977,94.5,1014,3.28,1.33,1.17,22
3978,95,1011,3.32,1.32,1.18,22
3979,95.5,1018,3.3,1.31,1.19,22
3980,96,1016,3.33,1.3,1.2,22
3981,96.5,1013,3.31,1.29,1.21,22
3982,97,1019,3.34,1.28,1.22,22
3983,97.5,1017,3.32,1.27,1.23,22
3984,98,1014,3.36,1.26,1.24,22
3985,98.5,1011,3.34,1.25,1.25,22
3986,99,1018,3.37,1.24,1.26,22
3987,99.5,1016,3.35,1.23,1.27,22
3988,100,1013,3.39,1.22,1.28,22
3989,100.5,1019,3.37,1.21,1.29,22
3990,101,1017,3.4,1.2,1.3,22
3991,101.5,1014,3.38,1.19,1.31,22
3992,102,1011,3.42,1.18,1.32,22
3993,102.5,1018,3.4,1.17,1.33,22
3994,103,1016,3.43,1.16,1.34,22
3995,103.5,1013,3.41,1.15,1.35,22
3996,104,1019,3.44,1.14,1.36,22
3997,104.5,1017,3.42,1.13,1.37,22
3998,105,1014,3.46,1.12,1.38,22
3999,105.5,1011,3.44,1.11,1.39,22
4000,106,1018,3.47,1.1,1.4,22
4001,106.5,1016,3.45,1.09,1.41,22
4002,107,1013,3.49,1.08,1.42,22
4003,107.5,1019,3.47,1.07,1.43,22
4004,108,1017,3.5,1.06,1.44,22
4005,108.5,1014,3.48,1.05,1.45,22
4006,109,1011,3.52,1.04,1.46,22
4007,109.5,1018,3.5,1.03,1.47,22
4008,85,1015,3.2,1.03,1.47,22
4009,84.5,1011,3.18,1.02,1.48,22
4010,85,1016,3.22,1.01,1.49,22
4011,84.8,1017,3.21,1,1.5,22
4012,85.2,1013,3.19,0.99,1.51,22
4013,84.7,1018,3.2,0.98,1.52,22
4014,85.1,1012,3.17,0.97,1.53,22
4015,84.6,1019,3.23,0.96,1.54,22
4016,85,1014,3.18,0.95,1.55,22
4017,84.9,1016,3.22,0.94,1.56,22
4018,84.4,1017,3.2,0.93,1.57,22
4019,85.3,1013,3.19,0.92,1.58,22
4020,84.7,1019,3.23,0.91,1.59,22
4021,85.2,1014,3.17,0.9,1.6,22
4022,84.6,1016,3.21,0.89,1.61,22
4023,85.1,1012,3.19,0.88,1.62,22
4024,84.9,1017,3.22,0.87,1.63,22
4025,84.4,1013,3.2,0.86,1.64,22
4026,85.3,1019,3.17,0.85,1.65,22
4027,84.7,1014,3.21,0.84,1.66,22
4028,85.2,1016,3.19,0.83,1.67,22
4029,84.6,1012,3.22,0.82,1.68,22
4030,85.1,1017,3.18,0.81,1.69,22
4031,84.9,1013,3.2,0.8,1.7,22
4032,84.4,1019,3.16,0.79,1.71,22
4033,85.3,1014,3.19,0.78,1.72,22
4034,84.7,1016,3.21,0.77,1.73,22
4035,85.2,1012,3.17,0.76,1.74,22
4036,84.6,1017,3.22,0.75,1.75,22
4037,85.1,1013,3.19,0.74,1.76,22
4038,84.9,1019,3.2,0.73,1.77,22
4039,84.4,1014,3.16,0.72,1.78,22
4040,85.3,1016,3.19,0.71,1.79,22
4041,84.7,1012,3.21,0.7,1.8,22
4042,85.2,1017,3.17,0.69,1.81,22
4043,84.6,1013,3.22,0.68,1.82,22
4044,85.1,1019,3.19,0.67,1.83,22
4045,84.9,1014,3.2,0.66,1.84,22
4046,84.4,1016,3.16,0.65,1.85,22
4047,85.3,1012,3.19,0.64,1.86,22
4048,84.7,1017,3.21,0.63,1.87,22
4049,85.2,1013,3.17,0.62,1.88,22
4050,84.6,1019,3.22,0.61,1.89,22
4051,85.1,1014,3.19,0.6,1.9,22
4052,84.9,1016,3.2,0.59,1.91,22
4053,84.4,1017,3.16,0.58,1.92,22
4054,85.3,1013,3.19,0.57,1.93,22
4055,84.7,1019,3.21,0.56,1.94,22
4056,85.2,1014,3.17,0.55,1.95,22
4057,84.6,1016,3.22,0.54,1.96,22
4058,85,1015,3.2,0.54,1.96,22
4059,85.5,1007,3.18,0.53,1.97,22
4060,85,1012,3.22,0.52,1.98,22
4061,84.5,1009,3.19,0.51,1.99,22
4062,85,1016,3.21,0.5,2,22
4063,84,1004,3.17,0.49,2.01,22
4064,85.5,1010,3.23,0.48,2.02,22
4065,84,1006,3.15,0.47,2.03,22
4066,85,1013,3.2,0.46,2.04,22
4067,83.5,1008,3.18,0.45,2.05,22
4068,85,1017,3.22,0.44,2.06,22
4069,84,1002,3.19,0.43,2.07,22
4070,85.5,1010,3.24,0.42,2.08,22
4071,83,1006,3.16,0.41,2.09,22
4072,85,1014,3.21,0.4,2.1,22
4073,84.5,1008,3.17,0.39,2.11,22
4074,85,1016,3.23,0.38,2.12,22
4075,83,1002,3.19,0.37,2.13,22
4076,85.5,1011,3.25,0.36,2.14,22
4077,83.5,1007,3.18,0.35,2.15,22
4078,85,1015,3.22,0.34,2.16,22
4079,84,1003,3.16,0.33,2.17,22
4080,85.5,1012,3.24,0.32,2.18,22
4081,83,1009,3.19,0.31,2.19,22
4082,85,1017,3.21,0.3,2.2,22
4083,84.5,1004,3.17,0.29,2.21,22
4084,85,1015,3.23,0.28,2.22,22
4085,83,1006,3.15,0.27,2.23,22
4086,85.5,1013,3.2,0.26,2.24,22
4087,83.5,1008,3.18,0.25,2.25,22
4088,85,1016,3.22,0.24,2.26,22
4089,84,1002,3.16,0.23,2.27,22
4090,85.5,1011,3.24,0.22,2.28,22
4091,83,1007,3.19,0.21,2.29,22
4092,85,1015,3.21,0.2,2.3,22
4093,84.5,1003,3.17,0.19,2.31,22
4094,85,1014,3.23,0.18,2.32,22
4095,83,1009,3.15,0.17,2.33,22
4096,85.5,1012,3.2,0.16,2.34,22
4097,83.5,1005,3.18,0.15,2.35,22
4098,85,1016,3.22,0.14,2.36,22
4099,84,1001,3.16,0.13,2.37,22
4100,85.5,1010,3.24,0.12,2.38,22
4101,83,1007,3.19,0.11,2.39,22
4102,85,1014,3.21,0.1,2.4,22
4103,84.5,1003,3.17,0.09,2.41,22
4104,85,1012,3.23,0.08,2.42,22
4105,83,1009,3.15,0.07,2.43,22
4106,85.5,1010,3.2,0.06,2.44,22
4107,83,1005,3.18,0.05,2.45,22
4108,85,1015,3.2,2.5,0,23
4109,85.5,1019,3.18,2.49,0.01,23
4110,86,1013,3.22,2.48,0.02,23
4111,86.5,1017,3.19,2.47,0.03,23
4112,87,1014,3.21,2.46,0.04,23
4113,87.5,1016,3.17,2.45,0.05,23
4114,88,1011,3.23,2.44,0.06,23
4115,88.5,1018,3.16,2.43,0.07,23
4116,89,1012,3.24,2.42,0.08,23
4117,89.5,1015,3.15,2.41,0.09,23
4118,90,1019,3.26,2.4,0.1,23
4119,90.5,1013,3.14,2.39,0.11,23
4120,91,1017,3.27,2.38,0.12,23
4121,91.5,1011,3.13,2.37,0.13,23
4122,92,1016,3.28,2.36,0.14,23
4123,92.5,1010,3.12,2.35,0.15,23
4124,93,1018,3.29,2.34,0.16,23
4125,93.5,1012,3.11,2.33,0.17,23
4126,94,1015,3.3,2.32,0.18,23
4127,94.5,1014,3.1,2.31,0.19,23
4128,95,1019,3.31,2.3,0.2,23
4129,95.5,1013,3.09,2.29,0.21,23
4130,96,1017,3.32,2.28,0.22,23
4131,96.5,1011,3.08,2.27,0.23,23
4132,97,1016,3.33,2.26,0.24,23
4133,97.5,1010,3.07,2.25,0.25,23
4134,98,1018,3.34,2.24,0.26,23
4135,98.5,1012,3.06,2.23,0.27,23
4136,99,1015,3.35,2.22,0.28,23
4137,99.5,1014,3.05,2.21,0.29,23
4138,100,1019,3.36,2.2,0.3,23
4139,100.5,1013,3.04,2.19,0.31,23
4140,101,1017,3.37,2.18,0.32,23
4141,101.5,1011,3.03,2.17,0.33,23
4142,102,1016,3.38,2.16,0.34,23
4143,102.5,1010,3.02,2.15,0.35,23
4144,103,1018,3.39,2.14,0.36,23
4145,103.5,1012,3.01,2.13,0.37,23
4146,104,1015,3.4,2.12,0.38,23
4147,104.5,1014,3,2.11,0.39,23
4148,105,1019,3.41,2.1,0.4,23
4149,105.5,1013,2.99,2.09,0.41,23
4150,106,1017,3.42,2.08,0.42,23
4151,106.5,1011,2.98,2.07,0.43,23
4152,107,1016,3.43,2.06,0.44,23
4153,107.5,1010,2.97,2.05,0.45,23
4154,108,1018,3.44,2.04,0.46,23
4155,108.5,1012,2.96,2.03,0.47,23
4156,109,1015,3.45,2.02,0.48,23
4157,109.5,1014,2.95,2.01,0.49,23
4158,85,1015,3.2,2.01,0.49,23
4159,84.5,1013,3.18,2,0.5,23
4160,85,1016,3.22,1.99,0.51,23
4161,84.9,1019,3.2,1.98,0.52,23
4162,85.3,1017,3.19,1.97,0.53,23
4163,85.4,1018,3.21,1.96,0.54,23
4164,85.1,1020,3.17,1.95,0.55,23
4165,84.7,1014,3.23,1.94,0.56,23
4166,85.2,1012,3.16,1.93,0.57,23
4167,84.8,1011,3.24,1.92,0.58,23
4168,85.5,1010,3.15,1.91,0.59,23
4169,84.6,1019,3.25,1.9,0.6,23
4170,85.4,1017,3.14,1.89,0.61,23
4171,84.9,1013,3.26,1.88,0.62,23
4172,85.7,1011,3.13,1.87,0.63,23
4173,84.8,1012,3.27,1.86,0.64,23
4174,85,1019,3.12,1.85,0.65,23
4175,84.7,1014,3.28,1.84,0.66,23
4176,85.3,1016,3.11,1.83,0.67,23
4177,84.9,1018,3.29,1.82,0.68,23
4178,85.4,1015,3.1,1.81,0.69,23
4179,84.6,1017,3.3,1.8,0.7,23
4180,85.1,1019,3.09,1.79,0.71,23
4181,84.8,1012,3.31,1.78,0.72,23
4182,85.5,1014,3.08,1.77,0.73,23
4183,84.7,1016,3.32,1.76,0.74,23
4184,85.3,1018,3.07,1.75,0.75,23
4185,84.9,1011,3.33,1.74,0.76,23
4186,85.6,1013,3.06,1.73,0.77,23
4187,84.8,1015,3.34,1.72,0.78,23
4188,85.4,1017,3.05,1.71,0.79,23
4189,84.7,1019,3.35,1.7,0.8,23
4190,85.3,1012,3.04,1.69,0.81,23
4191,84.9,1014,3.36,1.68,0.82,23
4192,85.6,1016,3.03,1.67,0.83,23
4193,84.8,1018,3.37,1.66,0.84,23
4194,85.4,1011,3.02,1.65,0.85,23
4195,84.7,1013,3.38,1.64,0.86,23
4196,85.3,1015,3.01,1.63,0.87,23
4197,84.9,1017,3.39,1.62,0.88,23
4198,85.6,1019,3,1.61,0.89,23
4199,84.8,1012,3.4,1.6,0.9,23
4200,85.4,1014,2.99,1.59,0.91,23
4201,84.7,1016,3.41,1.58,0.92,23
4202,85.3,1018,2.98,1.57,0.93,23
4203,84.9,1011,3.42,1.56,0.94,23
4204,85.6,1013,2.97,1.55,0.95,23
4205,84.8,1015,3.43,1.54,0.96,23
4206,85.4,1017,2.96,1.53,0.97,23
4207,84.7,1019,3.44,1.52,0.98,23
4208,85,1015,3.2,1.52,0.98,23
4209,85.5,1011,3.18,1.51,0.99,23
4210,86,1017,3.22,1.5,1,23
4211,86.5,1013,3.19,1.49,1.01,23
4212,87,1019,3.21,1.48,1.02,23
4213,87.5,1015,3.17,1.47,1.03,23
4214,88,1021,3.23,1.46,1.04,23
4215,88.5,1017,3.2,1.45,1.05,23
4216,89,1023,3.18,1.44,1.06,23
4217,89.5,1019,3.22,1.43,1.07,23
4218,90,1025,3.19,1.42,1.08,23
4219,90.5,1021,3.24,1.41,1.09,23
4220,91,1027,3.21,1.4,1.1,23
4221,91.5,1023,3.17,1.39,1.11,23
4222,92,1029,3.23,1.38,1.12,23
4223,92.5,1025,3.2,1.37,1.13,23
4224,93,1031,3.18,1.36,1.14,23
4225,93.5,1027,3.24,1.35,1.15,23
4226,94,1033,3.21,1.34,1.16,23
4227,94.5,1029,3.17,1.33,1.17,23
4228,95,1035,3.24,1.32,1.18,23
4229,95.5,1031,3.21,1.31,1.19,23
4230,96,1037,3.17,1.3,1.2,23
4231,96.5,1033,3.24,1.29,1.21,23
4232,97,1039,3.21,1.28,1.22,23
4233,97.5,1035,3.17,1.27,1.23,23
4234,98,1041,3.24,1.26,1.24,23
4235,98.5,1037,3.21,1.25,1.25,23
4236,99,1043,3.17,1.24,1.26,23
4237,99.5,1039,3.24,1.23,1.27,23
4238,100,1045,3.21,1.22,1.28,23
4239,100.5,1041,3.17,1.21,1.29,23
4240,101,1047,3.24,1.2,1.3,23
4241,101.5,1043,3.21,1.19,1.31,23
4242,102,1049,3.17,1.18,1.32,23
4243,102.5,1045,3.24,1.17,1.33,23
4244,103,1051,3.21,1.16,1.34,23
4245,103.5,1047,3.17,1.15,1.35,23
4246,104,1053,3.24,1.14,1.36,23
4247,104.5,1049,3.21,1.13,1.37,23
4248,105,1055,3.17,1.12,1.38,23
4249,105.5,1051,3.24,1.11,1.39,23
4250,106,1057,3.21,1.1,1.4,23
4251,106.5,1053,3.17,1.09,1.41,23
4252,107,1059,3.24,1.08,1.42,23
4253,107.5,1055,3.21,1.07,1.43,23
4254,108,1061,3.17,1.06,1.44,23
4255,108.5,1057,3.24,1.05,1.45,23
4256,109,1063,3.21,1.04,1.46,23
4257,109.5,1059,3.17,1.03,1.47,23
4258,85,1015,3.2,1.03,1.47,23
4259,85.5,1015,3.18,1.02,1.48,23
4260,86,1017,3.16,1.01,1.49,23
4261,86.5,1012,3.14,1,1.5,23
4262,87,1016,3.12,0.99,1.51,23
4263,87.5,1011,3.1,0.98,1.52,23
4264,88,1018,3.08,0.97,1.53,23
4265,88.5,1013,3.06,0.96,1.54,23
4266,89,1017,3.04,0.95,1.55,23
4267,89.5,1010,3.02,0.94,1.56,23
4268,90,1019,3,0.93,1.57,23
4269,90.5,1012,2.98,0.92,1.58,23
4270,91,1016,2.96,0.91,1.59,23
4271,91.5,1013,2.94,0.9,1.6,23
4272,92,1017,2.92,0.89,1.61,23
4273,92.5,1010,2.9,0.88,1.62,23
4274,93,1019,2.88,0.87,1.63,23
4275,93.5,1012,2.86,0.86,1.64,23
4276,94,1016,2.84,0.85,1.65,23
4277,94.5,1013,2.82,0.84,1.66,23
4278,95,1017,2.8,0.83,1.67,23
4279,95.5,1010,2.78,0.82,1.68,23
4280,96,1019,2.76,0.81,1.69,23
4281,96.5,1012,2.74,0.8,1.7,23
4282,97,1016,2.72,0.79,1.71,23
4283,97.5,1013,2.7,0.78,1.72,23
4284,98,1017,2.68,0.77,1.73,23
4285,98.5,1010,2.66,0.76,1.74,23
4286,99,1019,2.64,0.75,1.75,23
4287,99.5,1012,2.62,0.74,1.76,23
4288,100,1016,2.6,0.73,1.77,23
4289,100.5,1013,2.58,0.72,1.78,23
4290,101,1017,2.56,0.71,1.79,23
4291,101.5,1010,2.54,0.7,1.8,23
4292,102,1019,2.52,0.69,1.81,23
4293,102.5,1012,2.5,0.68,1.82,23
4294,103,1016,2.48,0.67,1.83,23
4295,103.5,1013,2.46,0.66,1.84,23
4296,104,1017,2.44,0.65,1.85,23
4297,104.5,1010,2.42,0.64,1.86,23
4298,105,1019,2.4,0.63,1.87,23
4299,105.5,1012,2.38,0.62,1.88,23
4300,106,1016,2.36,0.61,1.89,23
4301,106.5,1013,2.34,0.6,1.9,23
4302,107,1017,2.32,0.59,1.91,23
4303,107.5,1010,2.3,0.58,1.92,23
4304,108,1019,2.28,0.57,1.93,23
4305,108.5,1012,2.26,0.56,1.94,23
4306,109,1016,2.24,0.55,1.95,23
4307,109.5,1013,2.22,0.54,1.96,23
4308,85,1015,3.2,0.54,1.96,23
4309,85.5,1013,3.18,0.53,1.97,23
4310,85,1017,3.22,0.52,1.98,23
4311,84.5,1016,3.19,0.51,1.99,23
4312,85,1014,3.21,0.5,2,23
4313,85.5,1012,3.17,0.49,2.01,23
4314,85,1018,3.23,0.48,2.02,23
4315,84.5,1017,3.16,0.47,2.03,23
4316,85,1015,3.24,0.46,2.04,23
4317,85.5,1013,3.18,0.45,2.05,23
4318,85,1019,3.22,0.44,2.06,23
4319,84.5,1018,3.15,0.43,2.07,23
4320,85,1016,3.23,0.42,2.08,23
4321,85.5,1014,3.17,0.41,2.09,23
4322,85,1020,3.24,0.4,2.1,23
4323,84.5,1019,3.16,0.39,2.11,23
4324,85,1017,3.23,0.38,2.12,23
4325,84.5,1015,3.17,0.37,2.13,23
4326,85,1021,3.24,0.36,2.14,23
4327,84.5,1020,3.16,0.35,2.15,23
4328,85,1018,3.23,0.34,2.16,23
4329,84.5,1016,3.17,0.33,2.17,23
4330,85,1022,3.24,0.32,2.18,23
4331,84.5,1021,3.16,0.31,2.19,23
4332,85,1019,3.23,0.3,2.2,23
4333,84.5,1017,3.17,0.29,2.21,23
4334,85,1023,3.24,0.28,2.22,23
4335,84.5,1022,3.16,0.27,2.23,23
4336,85,1020,3.23,0.26,2.24,23
4337,84.5,1018,3.17,0.25,2.25,23
4338,85,1024,3.24,0.24,2.26,23
4339,84.5,1023,3.16,0.23,2.27,23
4340,85,1021,3.23,0.22,2.28,23
4341,84.5,1019,3.17,0.21,2.29,23
4342,85,1025,3.24,0.2,2.3,23
4343,84.5,1024,3.16,0.19,2.31,23
4344,85,1022,3.23,0.18,2.32,23
4345,84.5,1020,3.17,0.17,2.33,23
4346,85,1026,3.24,0.16,2.34,23
4347,84.5,1025,3.16,0.15,2.35,23
4348,85,1023,3.23,0.14,2.36,23
4349,84.5,1021,3.17,0.13,2.37,23
4350,85,1027,3.24,0.12,2.38,23
4351,84.5,1026,3.16,0.11,2.39,23
4352,85,1024,3.23,0.1,2.4,23
4353,84.5,1022,3.17,0.09,2.41,23
4354,85,1028,3.24,0.08,2.42,23
4355,84.5,1027,3.16,0.07,2.43,23
4356,85,1025,3.23,0.06,2.44,23
4357,84.5,1023,3.17,0.05,2.45,23
4358,85,1015,3.2,2.5,0,24
4359,85.5,1007,3.18,2.49,0.01,24
4360,85,1018,3.22,2.48,0.02,24
4361,84.5,1013,3.19,2.47,0.03,24
4362,84,1021,3.21,2.46,0.04,24
4363,83.5,1009,3.17,2.45,0.05,24
4364,83,1016,3.23,2.44,0.06,24
4365,82.5,1004,3.16,2.43,0.07,24
4366,82,1012,3.24,2.42,0.08,24
4367,81.5,1000,3.13,2.41,0.09,24
4368,81,1019,3.26,2.4,0.1,24
4369,80.5,1005,3.15,2.39,0.11,24
4370,80,1017,3.27,2.38,0.12,24
4371,79.5,1002,3.12,2.37,0.13,24
4372,79,1014,3.28,2.36,0.14,24
4373,78.5,1008,3.14,2.35,0.15,24
4374,78,1011,3.29,2.34,0.16,24
4375,77.5,1006,3.16,2.33,0.17,24
4376,77,1013,3.3,2.32,0.18,24
4377,76.5,1009,3.18,2.31,0.19,24
4378,76,1010,3.31,2.3,0.2,24
4379,75.5,1007,3.19,2.29,0.21,24
4380,75,1012,3.32,2.28,0.22,24
4381,74.5,1004,3.2,2.27,0.23,24
4382,74,1015,3.33,2.26,0.24,24
4383,73.5,1001,3.22,2.25,0.25,24
4384,73,1018,3.34,2.24,0.26,24
4385,72.5,1007,3.23,2.23,0.27,24
4386,72,1016,3.35,2.22,0.28,24
4387,71.5,1003,3.24,2.21,0.29,24
4388,71,1014,3.36,2.2,0.3,24
4389,70.5,1009,3.25,2.19,0.31,24
4390,70,1012,3.37,2.18,0.32,24
4391,69.5,1005,3.26,2.17,0.33,24
4392,69,1010,3.38,2.16,0.34,24
4393,68.5,1001,3.27,2.15,0.35,24
4394,68,1018,3.39,2.14,0.36,24
4395,67.5,1007,3.28,2.13,0.37,24
4396,67,1016,3.4,2.12,0.38,24
4397,66.5,1003,3.29,2.11,0.39,24
4398,66,1014,3.41,2.1,0.4,24
4399,65.5,1009,3.3,2.09,0.41,24
4400,65,1012,3.42,2.08,0.42,24
4401,64.5,1005,3.31,2.07,0.43,24
4402,64,1010,3.43,2.06,0.44,24
4403,63.5,1001,3.32,2.05,0.45,24
4404,63,1018,3.44,2.04,0.46,24
4405,62.5,1007,3.33,2.03,0.47,24
4406,62,1016,3.45,2.02,0.48,24
4407,61.5,1003,3.34,2.01,0.49,24
4408,85,1015,3.2,2.01,0.49,24
4409,85.5,1013,3.18,2,0.5,24
4410,86,1018,3.19,1.99,0.51,24
4411,86.5,1012,3.21,1.98,0.52,24
4412,87,1016,3.17,1.97,0.53,24
4413,87.5,1019,3.22,1.96,0.54,24
4414,88,1011,3.16,1.95,0.55,24
4415,88.5,1017,3.2,1.94,0.56,24
4416,89,1009,3.15,1.93,0.57,24
4417,89.5,1015,3.19,1.92,0.58,24
4418,90,1006,3.13,1.91,0.59,24
4419,90.5,1014,3.17,1.9,0.6,24
4420,91,1003,3.11,1.89,0.61,24
4421,91.5,1012,3.16,1.88,0.62,24
4422,92,1000,3.09,1.87,0.63,24
4423,92.5,1011,3.14,1.86,0.64,24
4424,93,997,3.07,1.85,0.65,24
4425,93.5,1010,3.13,1.84,0.66,24
4426,94,994,3.05,1.83,0.67,24
4427,94.5,1009,3.11,1.82,0.68,24
4428,95,991,3.03,1.81,0.69,24
4429,95.5,1008,3.09,1.8,0.7,24
4430,96,988,3.01,1.79,0.71,24
4431,96.5,1007,3.07,1.78,0.72,24
4432,97,985,2.99,1.77,0.73,24
4433,97.5,1006,3.05,1.76,0.74,24
4434,98,982,2.97,1.75,0.75,24
4435,98.5,1005,3.03,1.74,0.76,24
4436,99,979,2.95,1.73,0.77,24
4437,99.5,1004,3.01,1.72,0.78,24
4438,100,976,2.93,1.71,0.79,24
4439,100.5,1003,3,1.7,0.8,24
4440,101,973,2.91,1.69,0.81,24
4441,101.5,1002,2.98,1.68,0.82,24
4442,102,970,2.89,1.67,0.83,24
4443,102.5,1001,2.96,1.66,0.84,24
4444,103,967,2.87,1.65,0.85,24
4445,103.5,1000,2.94,1.64,0.86,24
4446,104,964,2.85,1.63,0.87,24
4447,104.5,999,2.92,1.62,0.88,24
4448,105,961,2.83,1.61,0.89,24
4449,105.5,998,2.9,1.6,0.9,24
4450,106,958,2.81,1.59,0.91,24
4451,106.5,997,2.88,1.58,0.92,24
4452,107,955,2.79,1.57,0.93,24
4453,107.5,996,2.86,1.56,0.94,24
4454,108,952,2.77,1.55,0.95,24
4455,108.5,995,2.84,1.54,0.96,24
4456,109,949,2.75,1.53,0.97,24
4457,109.5,994,2.82,1.52,0.98,24
4458,85,1015,3.2,1.52,0.98,24
4459,85.5,1007,3.18,1.47,1.03,24
4460,85,1011,3.22,1.42,1.08,24
4461,84.5,1009,3.19,1.37,1.13,24
4462,85,1013,3.21,1.32,1.18,24
4463,84,1018,3.17,1.27,1.23,24
4464,85.5,1002,3.23,1.22,1.28,24
4465,85,1010,3.16,1.17,1.33,24
4466,84.5,1016,3.24,1.12,1.38,24
4467,85,1004,3.19,1.07,1.43,24
4468,84,1012,3.26,1.02,1.48,24
4469,85.5,1008,3.17,0.97,1.53,24
4470,85,1014,3.23,0.92,1.57,24
4471,84.5,1006,3.2,0.87,1.63,24
4472,85,1011,3.19,0.82,1.68,24
4473,84,1019,3.26,0.77,1.73,24
4474,85.5,1003,3.17,0.72,1.78,24
4475,85,1016,3.24,0.67,1.83,24
4476,84.5,1009,3.19,0.62,1.87,24
4477,85,1012,3.26,0.57,1.93,24
4478,84,1015,3.17,0.52,1.97,24
4479,85.5,1007,3.23,0.47,2.03,24
4480,85,1013,3.19,0.42,2.07,24
4481,84.5,1005,3.26,0.37,2.13,24
4482,85,1011,3.17,0.32,2.18,24
4483,84,1018,3.23,0.27,2.23,24
4484,85.5,1003,3.19,0.22,2.27,24
4485,85,1016,3.26,0.17,2.33,24
4486,84.5,1009,3.17,0.12,2.37,24
4487,85,1012,3.23,0.07,2.43,24
4488,84,1015,3.19,0.02,2.47,24
4489,85.5,1007,3.26,0,2.5,24
4490,85,1013,3.17,0,2.5,24
4491,84,1005,3.23,0,2.5,24
4492,85.5,1011,3.19,0,2.5,24
4493,85,1018,3.26,0,2.5,24
4494,84.5,1009,3.17,0,2.5,24
4495,85,1012,3.23,0,2.5,24
4496,84,1015,3.19,0,2.5,24
4497,85.5,1007,3.26,0,2.5,24
4498,85,1013,3.17,0,2.5,24
4499,84,1005,3.23,0,2.5,24
4500,85.5,1011,3.19,0,2.5,24
4501,85,1018,3.26,0,2.5,24
4502,84.5,1009,3.17,0,2.5,24
4503,85,1012,3.23,0,2.5,24
4504,84,1015,3.19,0,2.5,24
4505,85.5,1007,3.26,0,2.5,24
4506,85,1013,3.17,0,2.5,24
4507,84,1005,3.23,0,2.5,24
4508,85,1015,3.2,2.5,0,25
4509,85.5,1016,3.18,2.49,0.01,25
4510,86,1013,3.22,2.48,0.02,25
4511,86.5,1017,3.19,2.47,0.03,25
4512,87,1014,3.21,2.46,0.04,25
4513,87.5,1019,3.17,2.45,0.05,25
4514,88,1011,3.23,2.44,0.06,25
4515,88.5,1018,3.16,2.43,0.07,25
4516,89,1012,3.24,2.42,0.08,25
4517,89.5,1015,3.15,2.41,0.09,25
4518,90,1016,3.26,2.4,0.1,25
4519,90.5,1013,3.14,2.39,0.11,25
4520,91,1017,3.27,2.38,0.12,25
4521,91.5,1014,3.13,2.37,0.13,25
4522,92,1019,3.28,2.36,0.14,25
4523,92.5,1011,3.12,2.35,0.15,25
4524,93,1018,3.29,2.34,0.16,25
4525,93.5,1012,3.11,2.33,0.17,25
4526,94,1015,3.3,2.32,0.18,25
4527,94.5,1016,3.1,2.31,0.19,25
4528,95,1013,3.31,2.3,0.2,25
4529,95.5,1017,3.09,2.29,0.21,25
4530,96,1014,3.32,2.28,0.22,25
4531,96.5,1019,3.08,2.27,0.23,25
4532,97,1011,3.33,2.26,0.24,25
4533,97.5,1018,3.07,2.25,0.25,25
4534,98,1012,3.34,2.24,0.26,25
4535,98.5,1015,3.06,2.23,0.27,25
4536,99,1016,3.35,2.22,0.28,25
4537,99.5,1013,3.05,2.21,0.29,25
4538,100,1017,3.36,2.2,0.3,25
4539,100.5,1014,3.04,2.19,0.31,25
4540,101,1019,3.37,2.18,0.32,25
4541,101.5,1011,3.03,2.17,0.33,25
4542,102,1018,3.38,2.16,0.34,25
4543,102.5,1012,3.02,2.15,0.35,25
4544,103,1015,3.39,2.14,0.36,25
4545,103.5,1016,3.01,2.13,0.37,25
4546,104,1013,3.4,2.12,0.38,25
4547,104.5,1017,3,2.11,0.39,25
4548,105,1014,3.41,2.1,0.4,25
4549,105.5,1019,2.99,2.09,0.41,25
4550,106,1011,3.42,2.08,0.42,25
4551,106.5,1018,2.98,2.07,0.43,25
4552,107,1012,3.43,2.06,0.44,25
4553,107.5,1015,2.97,2.05,0.45,25
4554,108,1016,3.44,2.04,0.46,25
4555,108.5,1013,2.96,2.03,0.47,25
4556,109,1017,3.45,2.02,0.48,25
4557,109.5,1014,2.95,2.01,0.49,25
4558,85,1015,3.2,2.01,0.49,25
4559,85.5,1013,3.18,2,0.5,25
4560,86,1017,3.22,1.99,0.51,25
4561,86.5,1014,3.19,1.98,0.52,25
4562,87,1016,3.21,1.97,0.53,25
4563,87.5,1018,3.17,1.96,0.54,25
4564,88,1015,3.23,1.95,0.55,25
4565,88.5,1019,3.2,1.94,0.56,25
4566,89,1011,3.16,1.93,0.57,25
4567,89.5,1013,3.24,1.92,0.58,25
4568,90,1010,3.18,1.91,0.59,25
4569,90.5,1017,3.22,1.9,0.6,25
4570,91,1012,3.19,1.89,0.61,25
4571,91.5,1014,3.23,1.88,0.62,25
4572,92,1016,3.17,1.87,0.63,25
4573,92.5,1019,3.2,1.86,0.64,25
4574,93,1015,3.16,1.85,0.65,25
4575,93.5,1018,3.21,1.84,0.66,25
4576,94,1011,3.18,1.83,0.67,25
4577,94.5,1013,3.23,1.82,0.68,25
4578,95,1010,3.19,1.81,0.69,25
4579,95.5,1017,3.2,1.8,0.7,25
4580,96,1012,3.16,1.79,0.71,25
4581,96.5,1014,3.22,1.78,0.72,25
4582,97,1016,3.18,1.77,0.73,25
4583,97.5,1019,3.24,1.76,0.74,25
4584,98,1015,3.17,1.75,0.75,25
4585,98.5,1018,3.21,1.74,0.76,25
4586,99,1011,3.19,1.73,0.77,25
4587,99.5,1013,3.23,1.72,0.78,25
4588,100,1010,3.16,1.71,0.79,25
4589,100.5,1017,3.2,1.7,0.8,25
4590,101,1012,3.18,1.69,0.81,25
4591,101.5,1014,3.22,1.68,0.82,25
4592,102,1016,3.17,1.67,0.83,25
4593,102.5,1019,3.24,1.66,0.84,25
4594,103,1015,3.19,1.65,0.85,25
4595,103.5,1018,3.21,1.64,0.86,25
4596,104,1011,3.16,1.63,0.87,25
4597,104.5,1013,3.23,1.62,0.88,25
4598,105,1010,3.18,1.61,0.89,25
4599,105.5,1017,3.2,1.6,0.9,25
4600,106,1012,3.16,1.59,0.91,25
4601,106.5,1014,3.22,1.58,0.92,25
4602,107,1016,3.19,1.57,0.93,25
4603,107.5,1019,3.24,1.56,0.94,25
4604,108,1015,3.17,1.55,0.95,25
4605,108.5,1018,3.21,1.54,0.96,25
4606,109,1011,3.16,1.53,0.97,25
4607,109.5,1013,3.23,1.52,0.98,25
4608,85,1015,3.2,1.52,0.98,25
4609,84.8,1018,3.18,1.47,1.03,25
4610,85.1,1011,3.22,1.42,1.08,25
4611,85.2,1009,3.19,1.37,1.13,25
4612,84.9,1013,3.21,1.32,1.18,25
4613,85,1007,3.17,1.27,1.23,25
4614,84.7,1016,3.23,1.22,1.28,25
4615,85.3,1005,3.15,1.17,1.33,25
4616,85.2,1012,3.2,1.12,1.38,25
4617,84.9,1010,3.18,1.07,1.43,25
4618,85,1008,3.22,1.02,1.48,25
4619,84.8,1014,3.19,0.97,1.53,25
4620,85.1,1006,3.21,0.92,1.57,25
4621,85.2,1012,3.17,0.87,1.63,25
4622,84.9,1009,3.2,0.82,1.67,25
4623,85,1011,3.18,0.77,1.73,25
4624,84.7,1007,3.22,0.72,1.77,25
4625,85.3,1013,3.15,0.67,1.83,25
4626,85.2,1005,3.2,0.62,1.87,25
4627,84.9,1010,3.18,0.57,1.93,25
4628,85,1008,3.21,0.52,1.97,25
4629,84.8,1014,3.17,0.47,2.03,25
4630,85.1,1006,3.2,0.42,2.07,25
4631,85.2,1012,3.15,0.37,2.13,25
4632,84.9,1009,3.18,0.32,2.17,25
4633,85,1011,3.22,0.27,2.23,25
4634,84.7,1007,3.19,0.22,2.27,25
4635,85.3,1013,3.2,0.17,2.33,25
4636,85.2,1005,3.17,0.12,2.37,25
4637,84.9,1010,3.21,0.07,2.43,25
4638,85,1008,3.16,0.02,2.47,25
4639,84.8,1014,3.2,0,2.5,25
4640,85.1,1006,3.18,0,2.5,25
4641,85.2,1012,3.21,0,2.5,25
4642,84.9,1009,3.15,0,2.5,25
4643,85,1011,3.2,0,2.5,25
4644,84.7,1007,3.17,0,2.5,25
4645,85.3,1013,3.22,0,2.5,25
4646,85.2,1005,3.19,0,2.5,25
4647,84.9,1010,3.21,0,2.5,25
4648,85,1008,3.16,0,2.5,25
4649,84.8,1014,3.2,0,2.5,25
4650,85.1,1006,3.18,0,2.5,25
4651,85.2,1012,3.21,0,2.5,25
4652,84.9,1009,3.15,0,2.5,25
4653,85,1011,3.2,0,2.5,25
4654,84.7,1007,3.17,0,2.5,25
4655,85.3,1013,3.22,0,2.5,25
4656,85.2,1005,3.19,0,2.5,25
4657,84.9,1010,3.21,0,2.5,25
4658,85,1015,3.2,2.5,0,26
4659,84.5,1013,3.18,2.49,0.01,26
4660,85,1016,3.22,2.48,0.02,26
4661,84.8,1017,3.19,2.47,0.03,26
4662,85.2,1019,3.21,2.46,0.04,26
4663,84.9,1011,3.17,2.45,0.05,26
4664,85.3,1014,3.23,2.44,0.06,26
4665,84.7,1018,3.16,2.43,0.07,26
4666,85.1,1012,3.24,2.42,0.08,26
4667,84.6,1015,3.15,2.41,0.09,26
4668,85,1013,3.22,2.4,0.1,26
4669,84.4,1017,3.19,2.39,0.11,26
4670,84.9,1016,3.21,2.38,0.12,26
4671,84.5,1014,3.18,2.37,0.13,26
4672,85,1019,3.2,2.36,0.14,26
4673,84.3,1011,3.17,2.35,0.15,26
4674,84.8,1015,3.23,2.34,0.16,26
4675,84.1,1013,3.16,2.33,0.17,26
4676,84.7,1018,3.2,2.32,0.18,26
4677,84.4,1012,3.19,2.31,0.19,26
4678,84.9,1016,3.22,2.3,0.2,26
4679,84.2,1014,3.15,2.29,0.21,26
4680,84.8,1019,3.24,2.28,0.22,26
4681,83.9,1011,3.18,2.27,0.23,26
4682,84.7,1015,3.21,2.26,0.24,26
4683,83.6,1013,3.14,2.25,0.25,26
4684,84.5,1018,3.19,2.24,0.26,26
4685,83.3,1012,3.17,2.23,0.27,26
4686,84.4,1016,3.22,2.22,0.28,26
4687,83,1014,3.15,2.21,0.29,26
4688,84.2,1019,3.2,2.2,0.3,26
4689,82.8,1011,3.18,2.19,0.31,26
4690,84.1,1015,3.23,2.18,0.32,26
4691,82.6,1013,3.16,2.17,0.33,26
4692,83.9,1018,3.21,2.16,0.34,26
4693,82.3,1012,3.15,2.15,0.35,26
4694,83.7,1016,3.2,2.14,0.36,26
4695,82,1014,3.18,2.13,0.37,26
4696,83.5,1019,3.23,2.12,0.38,26
4697,81.8,1011,3.16,2.11,0.39,26
4698,83.3,1015,3.21,2.1,0.4,26
4699,81.6,1013,3.14,2.09,0.41,26
4700,83.1,1018,3.2,2.08,0.42,26
4701,81.3,1012,3.17,2.07,0.43,26
4702,82.9,1016,3.23,2.06,0.44,26
4703,81,1014,3.15,2.05,0.45,26
4704,82.8,1019,3.2,2.04,0.46,26
4705,80.7,1011,3.18,2.03,0.47,26
4706,82.6,1015,3.22,2.02,0.48,26
4707,80.4,1013,3.16,2.01,0.49,26
4708,85,1015,3.2,2.01,0.49,26
4709,84.5,1010,3.18,1.96,0.54,26
4710,85,1018,3.22,1.91,0.59,26
4711,84,1013,3.16,1.86,0.64,26
4712,83.5,1009,3.19,1.81,0.69,26
4713,83,1016,3.21,1.76,0.74,26
4714,82.5,1012,3.17,1.71,0.79,26
4715,82,1007,3.23,1.66,0.84,26
4716,81.5,1014,3.15,1.61,0.9,26
4717,81,1006,3.2,1.56,0.95,26
4718,80.5,1011,3.18,1.51,1,26
4719,80,1005,3.22,1.46,1.05,26
4720,79.5,1010,3.16,1.41,1.1,26
4721,79,1004,3.24,1.36,1.15,26
4722,78.5,1009,3.19,1.31,1.2,26
4723,78,1003,3.27,1.26,1.25,26
4724,77.5,1008,3.21,1.21,1.3,26
4725,77,1002,3.29,1.16,1.35,26
4726,76.5,1007,3.23,1.11,1.4,26
4727,76,1001,3.31,1.06,1.45,26
4728,75.5,1006,3.25,1.01,1.5,26
4729,75,1000,3.33,0.96,1.55,26
4730,74.5,999,3.28,0.91,1.6,26
4731,74,998,3.36,0.86,1.65,26
4732,73.5,997,3.3,0.81,1.7,26
4733,73,996,3.38,0.76,1.75,26
4734,72.5,995,3.32,0.71,1.8,26
4735,72,994,3.4,0.66,1.85,26
4736,71.5,993,3.34,0.61,1.9,26
4737,71,992,3.42,0.56,1.95,26
4738,70.5,991,3.36,0.51,2,26
4739,70,990,3.44,0.46,2.05,26
4740,69.5,989,3.38,0.41,2.1,26
4741,69,988,3.46,0.36,2.15,26
4742,68.5,987,3.4,0.31,2.2,26
4743,68,986,3.48,0.26,2.25,26
4744,67.5,985,3.42,0.21,2.3,26
4745,67,984,3.5,0.16,2.35,26
4746,66.5,983,3.44,0.11,2.4,26
4747,66,982,3.52,0.06,2.45,26
4748,65.5,981,3.46,0.01,2.5,26
4749,65,980,3.54,0,2.5,26
4750,64.5,979,3.48,0,2.5,26
4751,64,978,3.56,0,2.5,26
4752,63.5,977,3.5,0,2.5,26
4753,63,976,3.58,0,2.5,26
4754,62.5,975,3.52,0,2.5,26
4755,62,974,3.6,0,2.5,26
4756,61.5,973,3.54,0,2.5,26
4757,61,972,3.62,0,2.5,26
4758,85,1015,3.2,2.5,0,27
4759,84.5,1011,3.18,2.49,0.01,27
4760,85,1018,3.22,2.48,0.02,27
4761,84,1010,3.21,2.47,0.03,27
4762,85.5,1016,3.19,2.46,0.04,27
4763,86,1012,3.2,2.45,0.05,27
4764,85.5,1019,3.17,2.44,0.06,27
4765,84,1008,3.18,2.43,0.07,27
4766,85.5,1014,3.22,2.42,0.08,27
4767,86,1011,3.19,2.41,0.09,27
4768,85,1016,3.2,2.4,0.1,27
4769,84.5,1013,3.18,2.39,0.11,27
4770,85,1019,3.21,2.38,0.12,27
4771,84,1017,3.17,2.37,0.13,27
4772,85.5,1012,3.2,2.36,0.14,27
4773,86,1015,3.19,2.35,0.15,27
4774,84.5,1014,3.22,2.34,0.16,27
4775,85,1018,3.18,2.33,0.17,27
4776,84,1011,3.2,2.32,0.18,27
4777,85.5,1017,3.19,2.31,0.19,27
4778,86,1014,3.21,2.3,0.2,27
4779,84,1013,3.17,2.29,0.21,27
4780,85.5,1019,3.2,2.28,0.22,27
4781,86,1016,3.18,2.27,0.23,27
4782,84.5,1012,3.21,2.26,0.24,27
4783,85,1018,3.19,2.25,0.25,27
4784,84,1015,3.22,2.24,0.26,27
4785,85.5,1011,3.17,2.23,0.27,27
4786,86,1017,3.2,2.22,0.28,27
4787,84.5,1014,3.19,2.21,0.29,27
4788,85,1019,3.21,2.2,0.3,27
4789,84,1016,3.18,2.19,0.31,27
4790,85.5,1012,3.2,2.18,0.32,27
4791,86,1018,3.19,2.17,0.33,27
4792,84.5,1015,3.21,2.16,0.34,27
4793,85,1011,3.18,2.15,0.35,27
4794,84,1017,3.2,2.14,0.36,27
4795,85.5,1014,3.19,2.13,0.37,27
4796,86,1019,3.21,2.12,0.38,27
4797,84.5,1016,3.18,2.11,0.39,27
4798,85,1012,3.2,2.1,0.4,27
4799,84,1018,3.19,2.09,0.41,27
4800,85.5,1015,3.21,2.08,0.42,27
4801,86,1011,3.18,2.07,0.43,27
4802,84.5,1017,3.2,2.06,0.44,27
4803,85,1014,3.19,2.05,0.45,27
4804,84,1019,3.21,2.04,0.46,27
4805,85.5,1016,3.18,2.03,0.47,27
4806,86,1012,3.2,2.02,0.48,27
4807,84.5,1018,3.19,2.01,0.49,27
4808,85,1015,3.2,2.01,0.49,27
4809,84.5,1010,3.18,2,0.5,27
4810,85,1018,3.22,1.99,0.51,27
4811,84,1007,3.16,1.98,0.52,27
4812,83.5,1011,3.21,1.97,0.53,27
4813,85,1003,3.19,1.96,0.54,27
4814,84.5,1016,3.23,1.95,0.55,27
4815,86,999,3.17,1.94,0.56,27
4816,85.5,1007,3.2,1.93,0.57,27
4817,84,1013,3.18,1.92,0.58,27
4818,83.5,1006,3.22,1.91,0.59,27
4819,85,1010,3.16,1.9,0.6,27
4820,84.5,1018,3.2,1.89,0.61,27
4821,86,998,3.14,1.88,0.62,27
4822,85.5,1007,3.18,1.87,0.63,27
4823,84,1013,3.22,1.86,0.64,27
4824,83.5,1006,3.16,1.85,0.65,27
4825,85,1010,3.2,1.84,0.66,27
4826,84.5,1018,3.14,1.83,0.67,27
4827,86,998,3.18,1.82,0.68,27
4828,85.5,1007,3.22,1.81,0.69,27
4829,84,1013,3.16,1.8,0.7,27
4830,83.5,1006,3.2,1.79,0.71,27
4831,85,1010,3.14,1.78,0.72,27
4832,84.5,1018,3.18,1.77,0.73,27
4833,86,998,3.22,1.76,0.74,27
4834,85.5,1007,3.16,1.75,0.75,27
4835,84,1013,3.2,1.74,0.76,27
4836,83.5,1006,3.14,1.73,0.77,27
4837,85,1010,3.18,1.72,0.78,27
4838,84.5,1018,3.22,1.71,0.79,27
4839,86,998,3.16,1.7,0.8,27
4840,85.5,1007,3.2,1.69,0.81,27
4841,84,1013,3.14,1.68,0.82,27
4842,83.5,1006,3.18,1.67,0.83,27
4843,85,1010,3.22,1.66,0.84,27
4844,84.5,1018,3.16,1.65,0.85,27
4845,86,998,3.2,1.64,0.86,27
4846,85.5,1007,3.14,1.63,0.87,27
4847,84,1013,3.18,1.62,0.88,27
4848,83.5,1006,3.22,1.61,0.89,27
4849,85,1010,3.16,1.6,0.9,27
4850,84.5,1018,3.2,1.59,0.91,27
4851,86,998,3.14,1.58,0.92,27
4852,85.5,1007,3.18,1.57,0.93,27
4853,84,1013,3.22,1.56,0.94,27
4854,83.5,1006,3.16,1.55,0.95,27
4855,85,1010,3.2,1.54,0.96,27
4856,84.5,1018,3.14,1.53,0.97,27
4857,86,998,3.18,1.52,0.98,27
4858,85,1015,3.2,1.52,0.98,27
4859,85.5,1012,3.18,1.51,0.99,27
4860,86,1018,3.22,1.5,1,27
4861,86.5,1019,3.19,1.49,1.01,27
4862,87,1016,3.21,1.48,1.02,27
4863,87.5,1014,3.17,1.47,1.03,27
4864,88,1017,3.23,1.46,1.04,27
4865,88.5,1015,3.2,1.45,1.05,27
4866,89,1013,3.18,1.44,1.06,27
4867,89.5,1016,3.22,1.43,1.07,27
4868,90,1014,3.2,1.42,1.08,27
4869,90.5,1018,3.19,1.41,1.09,27
4870,91,1016,3.21,1.4,1.1,27
4871,91.5,1013,3.17,1.39,1.11,27
4872,92,1017,3.23,1.38,1.12,27
4873,92.5,1015,3.2,1.37,1.13,27
4874,93,1014,3.18,1.36,1.14,27
4875,93.5,1016,3.22,1.35,1.15,27
4876,94,1014,3.2,1.34,1.16,27
4877,94.5,1018,3.19,1.33,1.17,27
4878,95,1016,3.21,1.32,1.18,27
4879,95.5,1013,3.17,1.31,1.19,27
4880,96,1017,3.23,1.3,1.2,27
4881,96.5,1015,3.2,1.29,1.21,27
4882,97,1014,3.18,1.28,1.22,27
4883,97.5,1016,3.22,1.27,1.23,27
4884,98,1014,3.2,1.26,1.24,27
4885,98.5,1018,3.19,1.25,1.25,27
4886,99,1016,3.21,1.24,1.26,27
4887,99.5,1013,3.17,1.23,1.27,27
4888,100,1017,3.23,1.22,1.28,27
4889,100.5,1015,3.2,1.21,1.29,27
4890,101,1014,3.18,1.2,1.3,27
4891,101.5,1016,3.22,1.19,1.31,27
4892,102,1014,3.2,1.18,1.32,27
4893,102.5,1018,3.19,1.17,1.33,27
4894,103,1016,3.21,1.16,1.34,27
4895,103.5,1013,3.17,1.15,1.35,27
4896,104,1017,3.23,1.14,1.36,27
4897,104.5,1015,3.2,1.13,1.37,27
4898,105,1014,3.18,1.12,1.38,27
4899,105.5,1016,3.22,1.11,1.39,27
4900,106,1014,3.2,1.1,1.4,27
4901,106.5,1018,3.19,1.09,1.41,27
4902,107,1016,3.21,1.08,1.42,27
4903,107.5,1013,3.17,1.07,1.43,27
4904,108,1017,3.23,1.06,1.44,27
4905,108.5,1015,3.2,1.05,1.45,27
4906,109,1014,3.18,1.04,1.46,27
4907,109.5,1016,3.22,1.03,1.47,27
4908,85,1015,3.2,1.03,1.47,27
4909,84.5,1018,3.18,1.02,1.48,27
4910,85,1012,3.22,1.01,1.49,27
4911,84.5,1009,3.19,1,1.5,27
4912,85,1016,3.21,0.99,1.51,27
4913,84,1013,3.17,0.98,1.52,27
4914,85.5,1006,3.23,0.97,1.53,27
4915,85,1010,3.19,0.96,1.54,27
4916,84.5,1017,3.2,0.95,1.55,27
4917,85,1008,3.22,0.94,1.56,27
4918,84,1014,3.18,0.93,1.57,27
4919,85.5,1003,3.24,0.92,1.58,27
4920,85,1011,3.19,0.91,1.59,27
4921,84.5,1016,3.2,0.9,1.6,27
4922,85,1007,3.22,0.89,1.61,27
4923,84,1013,3.18,0.88,1.62,27
4924,85.5,1005,3.24,0.87,1.63,27
4925,85,1010,3.19,0.86,1.64,27
4926,84.5,1017,3.2,0.85,1.65,27
4927,85,1009,3.22,0.84,1.66,27
4928,84,1014,3.18,0.83,1.67,27
4929,85.5,1006,3.24,0.82,1.68,27
4930,85,1011,3.19,0.81,1.69,27
4931,84.5,1017,3.2,0.8,1.7,27
4932,85,1008,3.22,0.79,1.71,27
4933,84,1014,3.18,0.78,1.72,27
4934,85.5,1005,3.24,0.77,1.73,27
4935,85,1011,3.19,0.76,1.74,27
4936,84.5,1017,3.2,0.75,1.75,27
4937,85,1009,3.22,0.74,1.76,27
4938,84,1014,3.18,0.73,1.77,27
4939,85.5,1006,3.24,0.72,1.78,27
4940,85,1011,3.19,0.71,1.79,27
4941,84.5,1017,3.2,0.7,1.8,27
4942,85,1008,3.22,0.69,1.81,27
4943,84,1014,3.18,0.68,1.82,27
4944,85.5,1005,3.24,0.67,1.83,27
4945,85,1011,3.19,0.66,1.84,27
4946,84.5,1017,3.2,0.65,1.85,27
4947,85,1009,3.22,0.64,1.86,27
4948,84,1014,3.18,0.63,1.87,27
4949,85.5,1006,3.24,0.62,1.88,27
4950,85,1011,3.19,0.61,1.89,27
4951,84.5,1017,3.2,0.6,1.9,27
4952,85,1008,3.22,0.59,1.91,27
4953,84,1014,3.18,0.58,1.92,27
4954,85.5,1005,3.24,0.57,1.93,27
4955,85,1011,3.19,0.56,1.94,27
4956,84.5,1017,3.2,0.55,1.95,27
4957,85,1009,3.22,0.54,1.96,27
4958,85,1015,3.2,0.54,1.96,27
4959,84.5,1015,3.18,0.53,1.97,27
4960,85,1017,3.22,0.52,1.98,27
4961,85.5,1012,3.19,0.51,1.99,27
4962,85,1016,3.21,0.5,2,27
4963,84.5,1013,3.17,0.49,2.01,27
4964,85,1018,3.23,0.48,2.02,27
4965,85.5,1011,3.16,0.47,2.03,27
4966,85,1015,3.2,0.46,2.04,27
4967,84.5,1014,3.18,0.45,2.05,27
4968,85,1017,3.22,0.44,2.06,27
4969,85.5,1012,3.19,0.43,2.07,27
4970,85,1016,3.21,0.42,2.08,27
4971,84.5,1013,3.17,0.41,2.09,27
4972,85,1018,3.23,0.4,2.1,27
4973,85.5,1011,3.16,0.39,2.11,27
4974,85,1015,3.2,0.38,2.12,27
4975,84.5,1014,3.18,0.37,2.13,27
4976,85,1017,3.22,0.36,2.14,27
4977,85.5,1012,3.19,0.35,2.15,27
4978,85,1016,3.21,0.34,2.16,27
4979,84.5,1013,3.17,0.33,2.17,27
4980,85,1018,3.23,0.32,2.18,27
4981,85.5,1011,3.16,0.31,2.19,27
4982,85,1015,3.2,0.3,2.2,27
4983,84.5,1014,3.18,0.29,2.21,27
4984,85,1017,3.22,0.28,2.22,27
4985,85.5,1012,3.19,0.27,2.23,27
4986,85,1016,3.21,0.26,2.24,27
4987,84.5,1013,3.17,0.25,2.25,27
4988,85,1018,3.23,0.24,2.26,27
4989,85.5,1011,3.16,0.23,2.27,27
4990,85,1015,3.2,0.22,2.28,27
4991,84.5,1014,3.18,0.21,2.29,27
4992,85,1017,3.22,0.2,2.3,27
4993,85.5,1012,3.19,0.19,2.31,27
4994,85,1016,3.21,0.18,2.32,27
4995,84.5,1013,3.17,0.17,2.33,27
4996,85,1018,3.23,0.16,2.34,27
4997,85.5,1011,3.16,0.15,2.35,27
4998,85,1015,3.2,0.14,2.36,27
4999,84.5,1014,3.18,0.13,2.37,27
5000,85,1017,3.22,0.12,2.38,27
